Rk,Player,TEAM,RD,Age,G,GS,MP,FG,FGA,3P,3PA,FT,FTA,ORB,DRB,TRB,AST,STL,BLK,TOV,PF,PTS,FG%,3P%,FT%,MP,PTS,TRB,AST,STL,BLK
1,Jonas Valanciunas,TR,RW,25,6,6,148,33,57,2,3,13,15,14,42,56,6,4,8,10,12,81,0.579,0.667,0.867,24.6,13.5,9.3,1,0.7,1.3
2,Serge Ibaka,TR,RW,28,6,6,172,19,44,6,14,9,13,7,35,42,7,1,8,9,12,53,0.432,0.429,0.692,28.7,8.8,7,1.2,0.2,1.3
3,Kyle Lowry,TR,RW,31,6,6,217,36,76,17,39,14,18,2,27,29,50,12,0,18,22,103,0.474,0.436,0.778,36.1,17.2,4.8,8.3,2,0
4,Jakob Poeltl,TR,RW,22,6,0,96,14,22,0,1,9,13,12,14,26,5,2,3,7,20,37,0.636,0,0.692,16.1,6.2,4.3,0.8,0.3,0.5
5,Pascal Siakam,TR,RW,23,6,0,96,14,25,2,3,8,12,6,18,24,5,1,6,3,13,38,0.56,0.667,0.667,16,6.3,4,0.8,0.2,1
6,DeMar DeRozan,TR,RW,28,6,6,218,58,133,10,26,34,42,3,17,20,29,2,1,15,9,160,0.436,0.385,0.81,36.4,26.7,3.3,4.8,0.3,0.2
7,Delon Wright,TR,RW,25,6,0,149,23,50,7,15,11,12,3,12,15,16,14,6,7,7,64,0.46,0.467,0.917,24.8,10.7,2.5,2.7,2.3,1
8,OG Anunoby,TR,RW,20,6,6,131,16,27,7,15,8,9,5,8,13,3,5,3,3,12,47,0.593,0.467,0.889,21.9,7.8,2.2,0.5,0.8,0.5
9,C.J. Miles,TR,RW,30,6,0,128,17,40,12,31,10,11,0,10,10,4,4,1,5,10,56,0.425,0.387,0.909,21.4,9.3,1.7,0.7,0.7,0.2
10,Fred VanVleet,TR,RW,23,2,0,22,2,8,1,6,0,0,0,4,4,4,0,0,2,1,5,0.25,0.167,,10.8,2.5,2,2,0,0
11,Lorenzo Brown,TR,RW,27,2,0,19,2,7,1,3,0,0,1,2,3,1,0,1,1,2,5,0.286,0.333,,9.3,2.5,1.5,0.5,0,0.5
12,Lucas Nogueira,TR,RW,25,3,0,20,0,1,0,0,1,2,0,1,1,1,0,0,2,5,1,0,,0.5,6.5,0.3,0.3,0.3,0,0
13,Norman Powell,TR,RW,24,4,0,24,1,7,1,5,2,2,0,0,0,2,0,0,1,3,5,0.143,0.2,1,6.1,1.3,0,0.5,0,0
1,John Wall,WW,RW,27,6,6,234,56,127,4,21,40,47,3,31,34,69,14,8,27,16,156,0.441,0.19,0.851,39.1,26,5.7,11.5,2.3,1.3
2,Bradley Beal,WW,RW,24,6,6,216,49,108,21,45,20,23,2,18,20,17,7,2,15,19,139,0.454,0.467,0.87,35.9,23.2,3.3,2.8,1.2,0.3
3,Mike Scott,WW,RW,29,6,0,126,26,41,7,11,6,6,6,15,21,4,2,1,5,10,65,0.634,0.636,1,21,10.8,3.5,0.7,0.3,0.2
4,Markieff Morris,WW,RW,28,6,6,181,24,49,2,12,9,10,14,31,45,10,4,5,6,22,59,0.49,0.167,0.9,30.2,9.8,7.5,1.7,0.7,0.8
5,Kelly Oubre,WW,RW,22,6,1,148,18,48,4,19,16,18,1,22,23,4,6,3,5,16,56,0.375,0.211,0.889,24.7,9.3,3.8,0.7,1,0.5
6,Marcin Gortat,WW,RW,33,6,6,160,24,43,0,0,4,7,13,25,38,6,0,2,6,15,52,0.558,,0.571,26.6,8.7,6.3,1,0,0.3
7,Otto Porter,WW,RW,24,5,5,158,20,41,5,12,5,8,1,24,25,8,6,5,3,6,50,0.488,0.417,0.625,31.6,10,5,1.6,1.2,1
8,Ian Mahinmi,WW,RW,31,6,0,52,10,14,0,0,10,11,4,7,11,1,4,5,1,10,30,0.714,,0.909,8.7,5,1.8,0.2,0.7,0.8
9,Ty Lawson,WW,RW,30,5,0,96,9,26,5,8,6,6,2,11,13,15,3,0,3,6,29,0.346,0.625,1,19.3,5.8,2.6,3,0.6,0
10,Tomas Satoransky,WW,RW,26,6,0,60,2,13,0,3,3,4,5,4,9,3,0,0,3,4,7,0.154,0,0.75,10,1.2,1.5,0.5,0,0
11,Tim Frazier,WW,RW,27,2,0,6,0,1,0,0,0,0,0,1,1,3,1,0,0,2,0,0,,,3,0,0.5,1.5,0.5,0
12,Jason Smith,WW,RW,31,1,0,2,0,0,0,0,0,0,0,0,0,0,0,0,0,0,0,,,,2.2,0,0,0,0,0
1,Al Horford,BC,BM,31,7,7,245,47,80,7,16,26,34,14,47,61,23,5,10,17,19,127,0.588,0.438,0.765,35,18.1,8.7,3.3,0.7,1.4
2,Jaylen Brown,BC,BM,21,7,7,244,50,107,17,45,8,15,6,27,33,10,7,3,8,21,125,0.467,0.378,0.533,34.8,17.9,4.7,1.4,1,0.4
3,Terry Rozier,BC,BM,23,7,7,252,39,94,21,55,24,30,4,26,30,47,8,4,11,13,123,0.415,0.382,0.8,35.9,17.6,4.3,6.7,1.1,0.6
4,Jayson Tatum,BC,BM,19,7,7,233,37,92,8,26,26,30,5,32,37,22,11,4,11,14,108,0.402,0.308,0.867,33.3,15.4,5.3,3.1,1.6,0.6
5,Marcus Morris,BC,BM,28,7,0,193,33,85,10,22,17,26,5,29,34,6,3,0,9,20,93,0.388,0.455,0.654,27.6,13.3,4.9,0.9,0.4,0
6,Aron Baynes,BC,BM,31,7,4,122,17,27,2,3,1,2,19,22,41,8,1,2,4,13,37,0.63,0.667,0.5,17.4,5.3,5.9,1.1,0.1,0.3
7,Shane Larkin,BC,BM,25,7,0,110,13,26,3,11,3,3,1,4,5,15,4,0,5,10,32,0.5,0.273,1,15.7,4.6,0.7,2.1,0.6,0
8,Greg Monroe,BC,BM,27,5,0,59,9,23,0,0,10,15,11,11,22,4,0,1,8,2,28,0.391,,0.667,11.7,5.6,4.4,0.8,0,0.2
9,Marcus Smart,BC,BM,23,3,0,83,6,23,0,8,8,8,2,9,11,11,4,4,9,8,20,0.261,0,1,27.6,6.7,3.7,3.7,1.3,1.3
10,Semi Ojeleye,BC,BM,23,7,3,127,5,17,3,12,2,2,4,16,20,1,0,0,2,10,15,0.294,0.25,1,18.1,2.1,2.9,0.1,0,0
11,Abdel Nader,BC,BM,24,4,0,14,2,6,0,2,2,2,1,1,2,2,1,1,0,1,6,0.333,0,1,3.5,1.5,0.5,0.5,0.3,0.3
12,Guerschon Yabusele,BC,BM,22,5,0,24,1,5,0,3,1,3,3,3,6,2,2,0,0,5,3,0.2,0,0.333,4.8,0.6,1.2,0.4,0.4,0
1,Giannis Antetokounmpo,MB,BM,23,7,7,280,69,121,4,14,38,55,8,59,67,44,10,6,17,28,180,0.57,0.286,0.691,40,25.7,9.6,6.3,1.4,0.9
2,Khris Middleton,MB,BM,26,7,7,275,67,112,25,41,14,19,1,35,36,22,6,5,16,30,173,0.598,0.61,0.737,39.3,24.7,5.1,3.1,0.9,0.7
3,Eric Bledsoe,MB,BM,28,7,7,225,37,84,7,22,14,20,3,22,25,26,7,6,15,19,95,0.44,0.318,0.7,32.1,13.6,3.6,3.7,1,0.9
4,Jabari Parker,MB,BM,22,7,0,167,28,62,6,19,8,13,8,35,43,10,7,4,6,15,70,0.452,0.316,0.615,23.9,10,6.1,1.4,1,0.6
5,Malcolm Brogdon,MB,BM,25,7,5,186,24,55,5,19,8,10,3,21,24,17,1,0,12,14,61,0.436,0.263,0.8,26.6,8.7,3.4,2.4,0.1,0
6,Thon Maker,MB,BM,20,6,2,130,11,28,6,20,5,7,6,17,23,5,2,11,4,17,33,0.393,0.3,0.714,21.6,5.5,3.8,0.8,0.3,1.8
7,Shabazz Muhammad,MB,BM,25,4,0,29,9,20,4,5,3,5,0,4,4,0,2,1,2,2,25,0.45,0.8,0.6,7.2,6.3,1,0,0.5,0.3
8,John Henson,MB,BM,27,2,2,74,9,13,0,0,1,2,4,8,12,5,0,7,4,4,19,0.692,,0.5,37.1,9.5,6,2.5,0,3.5
9,Tony Snell,MB,BM,26,7,2,134,7,24,5,21,0,0,1,12,13,4,3,4,3,10,19,0.292,0.238,,19.1,2.7,1.9,0.6,0.4,0.6
10,Matthew Dellavedova,MB,BM,27,6,0,78,4,12,2,9,2,2,1,4,5,16,2,0,6,6,12,0.333,0.222,1,12.9,2,0.8,2.7,0.3,0
11,Tyler Zeller,MB,BM,28,7,3,66,4,5,0,0,3,4,2,12,14,3,4,3,1,11,11,0.8,,0.75,9.4,1.6,2,0.4,0.6,0.4
12,Sterling Brown,MB,BM,22,3,0,13,3,5,1,3,0,0,1,1,2,0,1,0,0,2,7,0.6,0.333,,4.2,2.3,0.7,0,0.3,0
13,Jason Terry,MB,BM,40,3,0,44,2,5,2,5,0,0,1,1,2,2,1,0,1,2,6,0.4,0.4,,14.6,2,0.7,0.7,0.3,0
14,Brandon Jennings,MB,BM,28,1,0,5,0,2,0,2,2,2,0,0,0,0,0,0,1,0,2,0,0,1,4.9,2,0,0,0,0
1,J.J. Redick,PS,PM,33,5,5,160,30,66,13,37,27,29,1,3,4,13,4,1,5,8,100,0.455,0.351,0.931,32,20,0.8,2.6,0.8,0.2
2,Ben Simmons,PS,PM,21,5,5,188,33,66,0,1,25,35,12,41,53,45,12,3,20,19,91,0.5,0,0.714,37.5,18.2,10.6,9,2.4,0.6
3,Marco Belinelli,PS,PM,31,5,0,154,28,62,11,30,16,20,1,12,13,12,6,0,1,10,83,0.452,0.367,0.8,30.8,16.6,2.6,2.4,1.2,0
4,Dario Saric,PS,PM,23,5,5,149,29,74,12,32,13,14,15,19,34,17,4,1,10,15,83,0.392,0.375,0.929,29.7,16.6,6.8,3.4,0.8,0.2
5,Joel Embiid,PS,PM,23,3,3,91,15,36,3,8,23,33,5,26,31,6,4,9,15,13,56,0.417,0.375,0.697,30.4,18.7,10.3,2,1.3,3
6,Ersan Ilyasova,PS,PM,30,5,1,135,23,45,6,17,2,6,12,34,46,5,5,1,8,15,54,0.511,0.353,0.333,26.9,10.8,9.2,1,1,0.2
7,Robert Covington,PS,PM,27,5,5,149,16,42,9,24,6,9,5,23,28,17,4,5,7,16,47,0.381,0.375,0.667,29.9,9.4,5.6,3.4,0.8,1
8,Amir Johnson,PS,PM,30,5,1,77,11,21,0,0,4,5,13,8,21,7,2,1,3,7,26,0.524,,0.8,15.3,5.2,4.2,1.4,0.4,0.2
9,T.J. McConnell,PS,PM,25,5,0,41,6,10,0,1,3,4,1,8,9,5,2,0,3,5,15,0.6,0,0.75,8.2,3,1.8,1,0.4,0
10,Justin Anderson,PS,PM,24,4,0,24,3,7,2,6,0,0,1,6,7,0,0,0,2,4,8,0.429,0.333,,5.9,2,1.8,0,0,0
11,Markelle Fultz,PS,PM,19,3,0,23,1,7,0,0,3,4,0,3,3,5,2,0,1,4,5,0.143,,0.75,7.6,1.7,1,1.7,0.7,0
12,Furkan Korkmaz,PS,PM,20,1,0,2,1,1,1,1,0,0,0,0,0,0,0,0,0,1,3,1,1,,1.6,3,0,0,0,0
13,Richaun Holmes,PS,PM,24,2,0,9,0,0,0,0,0,0,0,1,1,1,0,0,0,3,0,,,,4.6,0,0.5,0.5,0,0
1,Goran Dragic,MH,PM,31,5,5,156,35,75,8,21,15,22,3,10,13,23,5,0,15,15,93,0.467,0.381,0.682,31.3,18.6,2.6,4.6,1,0
2,Dwyane Wade,MH,PM,36,5,0,127,31,70,0,4,21,26,3,18,21,18,7,1,11,11,83,0.443,0,0.808,25.5,16.6,4.2,3.6,1.4,0.2
3,Kelly Olynyk,MH,PM,26,5,0,146,21,44,8,19,14,20,7,16,23,19,7,6,8,19,64,0.477,0.421,0.7,29.2,12.8,4.6,3.8,1.4,1.2
4,James Johnson,MH,PM,30,5,5,161,23,42,7,13,9,14,3,27,30,24,6,6,10,17,62,0.548,0.538,0.643,32.1,12.4,6,4.8,1.2,1.2
5,Justise Winslow,MH,PM,21,5,0,125,15,42,7,19,12,17,7,26,33,13,4,4,8,17,49,0.357,0.368,0.706,25,9.8,6.6,2.6,0.8,0.8
6,Josh Richardson,MH,PM,24,5,5,130,15,40,6,19,6,7,4,11,15,14,11,5,5,17,42,0.375,0.316,0.857,25.9,8.4,3,2.8,2.2,1
7,Tyler Johnson,MH,PM,25,5,5,81,14,26,6,10,6,7,1,7,8,4,2,0,2,14,40,0.538,0.6,0.857,16.2,8,1.6,0.8,0.4,0
8,Wayne Ellington,MH,PM,30,5,0,101,12,35,12,30,3,3,1,7,8,3,2,2,3,9,39,0.343,0.4,1,20.1,7.8,1.6,0.6,0.4,0.4
9,Hassan Whiteside,MH,PM,28,5,5,77,9,20,0,0,8,13,10,20,30,1,0,6,12,16,26,0.45,,0.615,15.4,5.2,6,0.2,0,1.2
10,Bam Adebayo,MH,PM,20,5,0,77,7,15,0,1,3,14,9,11,20,0,0,2,2,8,17,0.467,0,0.214,15.4,3.4,4,0,0,0.4
11,Rodney McGruder,MH,PM,26,4,0,16,1,4,0,2,0,0,0,4,4,0,0,0,0,3,2,0.25,0,,4,0.5,1,0,0,0
12,Luke Babbitt,MH,PM,28,2,0,3,0,1,0,0,0,0,0,0,0,0,0,0,0,0,0,0,,,1.7,0,0,0,0,0
1,LeBron James,CC,CI,33,7,7,288,83,150,12,34,63,77,14,56,70,54,10,7,26,17,241,0.553,0.353,0.818,41.2,34.4,10,7.7,1.4,1
2,Kevin Love,CC,CI,29,7,7,229,27,81,14,35,12,14,21,44,65,7,4,2,16,19,80,0.333,0.4,0.857,32.7,11.4,9.3,1,0.6,0.3
3,J.R. Smith,CC,CI,32,7,6,230,21,65,15,48,3,4,4,18,22,7,8,2,11,21,60,0.323,0.313,0.75,32.8,8.6,3.1,1,1.1,0.3
4,Kyle Korver,CC,CI,36,7,6,161,17,45,16,40,8,9,2,17,19,6,4,2,6,10,58,0.378,0.4,0.889,23,8.3,2.7,0.9,0.6,0.3
5,Rodney Hood,CC,CI,25,7,1,132,18,39,2,12,6,8,0,7,7,7,3,1,8,14,44,0.462,0.167,0.75,18.8,6.3,1,1,0.4,0.1
6,Jeff Green,CC,CI,31,7,1,146,13,38,6,19,7,12,2,13,15,11,3,4,3,11,39,0.342,0.316,0.583,20.8,5.6,2.1,1.6,0.4,0.6
7,George Hill,CC,CI,31,4,3,81,10,19,2,8,15,19,3,7,10,8,1,1,7,10,37,0.526,0.25,0.789,20.3,9.3,2.5,2,0.3,0.3
8,Larry Nance,CC,CI,25,7,0,137,16,24,0,0,4,10,8,23,31,5,6,4,5,15,36,0.667,,0.4,19.6,5.1,4.4,0.7,0.9,0.6
9,Jordan Clarkson,CC,CI,25,7,0,127,13,40,2,14,3,4,2,8,10,8,1,1,5,6,31,0.325,0.143,0.75,18.2,4.4,1.4,1.1,0.1,0.1
10,Tristan Thompson,CC,CI,26,4,1,58,6,9,0,0,6,8,7,9,16,3,1,1,5,3,18,0.667,,0.75,14.6,4.5,4,0.8,0.3,0.3
11,Jose Calderon,CC,CI,36,5,3,76,6,19,4,15,0,0,1,4,5,4,4,0,5,13,16,0.316,0.267,,15.3,3.2,1,0.8,0.8,0
12,Cedi Osman,CC,CI,22,3,0,10,1,4,0,2,0,2,0,1,1,0,1,0,0,3,2,0.25,0,0,3.4,0.7,0.3,0,0.3,0
13,Ante Zizic,CC,CI,21,1,0,4,1,1,0,0,0,0,0,0,0,0,0,0,1,0,2,1,,,4.2,2,0,0,0,0
1,Victor Oladipo,IP,CI,25,7,7,261,53,127,23,57,30,41,3,55,58,42,17,3,24,11,159,0.417,0.404,0.732,37.3,22.7,8.3,6,2.4,0.4
2,Bojan Bogdanovic,IP,CI,28,7,7,238,32,81,17,45,6,10,1,23,24,13,6,0,13,23,87,0.395,0.378,0.6,34,12.4,3.4,1.9,0.9,0
3,Domantas Sabonis,IP,CI,21,7,0,166,36,62,1,7,14,18,14,18,32,5,1,2,7,22,87,0.581,0.143,0.778,23.7,12.4,4.6,0.7,0.1,0.3
4,Myles Turner,IP,CI,21,7,7,196,33,54,6,13,15,19,6,30,36,4,2,4,11,25,87,0.611,0.462,0.789,28,12.4,5.1,0.6,0.3,0.6
5,Darren Collison,IP,CI,30,7,7,214,31,68,8,23,9,12,1,20,21,33,7,0,9,7,79,0.456,0.348,0.75,30.6,11.3,3,4.7,1,0
6,Thaddeus Young,IP,CI,29,7,7,237,36,60,2,7,5,13,22,32,54,10,12,6,7,22,79,0.6,0.286,0.385,33.8,11.3,7.7,1.4,1.7,0.9
7,Lance Stephenson,IP,CI,27,7,0,149,30,65,8,26,5,9,3,16,19,20,2,1,9,20,73,0.462,0.308,0.556,21.3,10.4,2.7,2.9,0.3,0.1
8,Cory Joseph,IP,CI,26,7,0,143,12,33,3,11,6,6,2,15,17,21,9,2,4,10,33,0.364,0.273,1,20.5,4.7,2.4,3,1.3,0.3
9,Trevor Booker,IP,CI,30,7,0,64,6,10,0,1,6,7,5,13,18,0,1,1,1,12,18,0.6,0,0.857,9.1,2.6,2.6,0,0.1,0.1
10,Glenn Robinson,IP,CI,24,2,0,6,1,1,0,0,0,0,0,1,1,0,0,0,0,0,2,1,,,2.8,1,0.5,0,0,0
11,T.J. Leaf,IP,CI,20,1,0,4,0,0,0,0,0,0,0,0,0,0,0,0,0,0,0,,,,3.7,0,0,0,0,0
12,Joe Young,IP,CI,25,1,0,3,0,0,0,0,0,0,0,0,0,0,0,0,0,1,0,,,,2.7,0,0,0,0,0
1,James Harden,HR,HM,28,5,5,179,46,112,20,52,33,38,3,21,24,37,12,6,14,12,145,0.411,0.385,0.868,35.7,29,4.8,7.4,2.4,1.2
2,Chris Paul,HR,HM,32,5,5,162,37,76,8,27,13,14,1,19,20,33,10,1,9,13,95,0.487,0.296,0.929,32.4,19,4,6.6,2,0.2
3,Clint Capela,HR,HM,23,5,5,155,35,52,0,0,9,18,24,47,71,7,1,10,2,9,79,0.673,,0.5,31.1,15.8,14.2,1.4,0.2,2
4,Eric Gordon,HR,HM,29,5,0,154,22,64,13,43,11,14,5,4,9,5,3,2,3,6,68,0.344,0.302,0.786,30.8,13.6,1.8,1,0.6,0.4
5,Trevor Ariza,HR,HM,32,5,5,173,17,46,12,34,9,14,1,19,20,7,6,0,1,11,55,0.37,0.353,0.643,34.6,11,4,1.4,1.2,0
6,Gerald Green,HR,HM,32,5,0,92,14,35,8,26,4,4,4,22,26,1,0,2,2,11,40,0.4,0.308,1,18.4,8,5.2,0.2,0,0.4
7,P.J. Tucker,HR,HM,32,5,5,134,10,28,9,23,2,3,0,14,14,3,0,5,3,12,31,0.357,0.391,0.667,26.8,6.2,2.8,0.6,0,1
8,Ryan Anderson,HR,HM,29,3,0,46,6,12,5,11,0,0,2,5,7,3,1,1,2,3,17,0.5,0.455,,15.3,5.7,2.3,1,0.3,0.3
9,Nene Hilario,HR,HM,35,5,0,59,6,9,0,0,3,7,4,12,16,3,0,3,2,8,15,0.667,,0.429,11.7,3,3.2,0.6,0,0.6
10,Joe Johnson,HR,HM,36,3,0,25,2,4,0,0,0,0,0,4,4,2,0,1,1,1,4,0.5,,,8.3,1.3,1.3,0.7,0,0.3
11,Zhou Qi,HR,HM,22,3,0,6,1,1,0,0,0,0,0,1,1,0,0,0,0,0,2,1,,,1.9,0.7,0.3,0,0,0
12,Aaron Jackson,HR,HM,31,4,0,8,0,1,0,1,1,2,0,1,1,1,0,0,1,1,1,0,0,0.5,2,0.3,0.3,0.3,0,0
13,Tarik Black,HR,HM,26,3,0,5,0,0,0,0,0,0,0,2,2,1,0,0,0,0,0,,,,1.5,0,0.7,0.3,0,0
14,Chinanu Onuaku,HR,HM,21,1,0,3,0,0,0,0,0,0,1,0,1,1,1,0,0,1,0,,,,3.2,0,1,1,1,0
1,Jimmy Butler,MT,HM,28,5,5,170,28,63,8,17,15,18,3,27,30,20,4,1,5,9,79,0.444,0.471,0.833,34.1,15.8,6,4,0.8,0.2
2,Andrew Wiggins,MT,HM,22,5,5,164,30,68,7,21,12,20,5,21,26,10,2,2,9,14,79,0.441,0.333,0.6,32.8,15.8,5.2,2,0.4,0.4
3,Karl-Anthony Towns,MT,HM,22,5,5,170,28,60,3,11,17,23,15,52,67,11,2,5,12,14,76,0.467,0.273,0.739,33.9,15.2,13.4,2.2,0.4,1
4,Derrick Rose,MT,HM,29,5,0,119,29,57,7,10,6,7,1,8,9,13,2,0,8,9,71,0.509,0.7,0.857,23.8,14.2,1.8,2.6,0.4,0
5,Jeff Teague,MT,HM,29,5,5,153,23,51,7,18,12,17,3,15,18,29,3,2,14,19,65,0.451,0.389,0.706,30.6,13,3.6,5.8,0.6,0.4
6,Jamal Crawford,MT,HM,37,5,0,123,21,47,7,17,10,13,1,12,13,12,5,0,5,6,59,0.447,0.412,0.769,24.6,11.8,2.6,2.4,1,0
7,Taj Gibson,MT,HM,32,5,5,123,14,22,0,0,3,3,7,13,20,2,1,2,4,8,31,0.636,,1,24.6,6.2,4,0.4,0.2,0.4
8,Nemanja Bjelica,MT,HM,29,5,0,47,7,16,4,7,5,7,4,11,15,3,3,0,1,6,23,0.438,0.571,0.714,9.4,4.6,3,0.6,0.6,0
9,Gorgui Dieng,MT,HM,28,5,0,70,6,18,2,5,3,4,3,15,18,4,2,4,1,6,17,0.333,0.4,0.75,14.1,3.4,3.6,0.8,0.4,0.8
10,Aaron Brooks,MT,HM,33,2,0,3,2,3,0,1,0,2,0,0,0,0,0,0,0,0,4,0.667,0,0,1.3,2,0,0,0,0
11,Tyus Jones,MT,HM,21,4,0,55,2,7,0,2,0,0,0,9,9,8,1,0,1,0,4,0.286,0,,13.7,1,2.3,2,0.3,0
12,Marcus Georges-Hunt,MT,HM,23,2,0,3,0,1,0,0,0,0,1,0,1,0,0,0,0,0,0,0,,,1.4,0,0.5,0,0,0
1,Kevin Durant,GW,GS,29,5,5,186,48,100,10,40,35,37,2,41,43,26,3,4,18,10,141,0.48,0.25,0.946,37.2,28.2,8.6,5.2,0.6,0.8
2,Klay Thompson,GW,GS,27,5,5,196,46,87,16,31,5,5,3,12,15,14,2,1,8,10,113,0.529,0.516,1,39.3,22.6,3,2.8,0.4,0.2
3,Draymond Green,GW,GS,27,5,5,188,20,56,8,28,9,12,15,41,56,40,7,5,13,17,57,0.357,0.286,0.75,37.6,11.4,11.2,8,1.4,1
4,Shaun Livingston,GW,GS,32,5,0,97,18,35,0,1,11,12,5,9,14,8,3,0,6,5,47,0.514,0,0.917,19.5,9.4,2.8,1.6,0.6,0
5,JaVale McGee,GW,GS,30,5,5,82,18,28,0,0,6,8,8,18,26,4,3,5,4,12,42,0.643,,0.75,16.3,8.4,5.2,0.8,0.6,1
6,Andre Iguodala,GW,GS,34,5,5,135,13,31,7,17,5,8,3,23,26,18,3,2,5,10,38,0.419,0.412,0.625,27.1,7.6,5.2,3.6,0.6,0.4
7,Quinn Cook,GW,GS,24,5,0,87,10,25,4,13,5,6,1,11,12,5,1,2,2,5,29,0.4,0.308,0.833,17.4,5.8,2.4,1,0.2,0.4
8,David West,GW,GS,37,5,0,80,12,19,0,1,4,4,5,16,21,10,4,3,3,10,28,0.632,0,1,16,5.6,4.2,2,0.8,0.6
9,Kevon Looney,GW,GS,21,5,0,100,9,21,0,2,4,7,8,11,19,8,4,3,4,13,22,0.429,0,0.571,20,4.4,3.8,1.6,0.8,0.6
10,Nick Young,GW,GS,32,5,0,30,2,8,2,7,0,0,0,0,0,0,0,0,0,2,6,0.25,0.286,,5.9,1.2,0,0,0,0
11,Jordan Bell,GW,GS,23,3,0,11,1,3,0,0,1,2,1,1,2,1,0,0,0,1,3,0.333,,0.5,3.7,1,0.7,0.3,0,0
12,Damian Jones,GW,GS,22,3,0,8,1,1,0,0,0,1,1,2,3,0,0,0,3,4,2,1,,0,2.6,0.7,1,0,0,0
1,LaMarcus Aldridge,SS,GS,32,5,5,177,37,80,3,5,41,42,13,33,46,12,3,2,9,9,118,0.463,0.6,0.976,35.3,23.6,9.2,2.4,0.6,0.4
2,Patty Mills,SS,GS,29,5,5,165,25,57,13,35,4,5,2,8,10,13,3,1,9,15,67,0.439,0.371,0.8,33,13.4,2,2.6,0.6,0.2
3,Rudy Gay,SS,GS,31,5,4,160,26,65,4,18,5,9,9,19,28,11,8,1,6,16,61,0.4,0.222,0.556,31.9,12.2,5.6,2.2,1.6,0.2
4,Manu Ginobili,SS,GS,40,5,0,107,15,37,6,18,9,11,1,14,15,16,7,1,7,13,45,0.405,0.333,0.818,21.3,9,3,3.2,1.4,0.2
5,Dejounte Murray,SS,GS,21,5,5,96,14,31,4,6,7,9,4,17,21,9,5,2,5,11,39,0.452,0.667,0.778,19.2,7.8,4.2,1.8,1,0.4
6,Tony Parker,SS,GS,35,5,0,67,14,37,0,5,5,7,0,4,4,6,2,0,4,2,33,0.378,0,0.714,13.3,6.6,0.8,1.2,0.4,0
7,Pau Gasol,SS,GS,37,5,0,90,10,20,1,3,9,10,2,22,24,14,0,1,6,5,30,0.5,0.333,0.9,18.1,6,4.8,2.8,0,0.2
8,Kyle Anderson,SS,GS,24,5,1,73,12,20,0,4,3,4,5,8,13,3,6,1,3,10,27,0.6,0,0.75,14.7,5.4,2.6,0.6,1.2,0.2
9,Danny Green,SS,GS,30,5,5,103,8,30,5,20,0,0,4,7,11,1,1,4,2,8,21,0.267,0.25,,20.6,4.2,2.2,0.2,0.2,0.8
10,Davis Bertans,SS,GS,25,5,0,82,3,18,3,16,8,11,1,10,11,6,2,0,1,10,17,0.167,0.188,0.727,16.5,3.4,2.2,1.2,0.4,0
11,Bryn Forbes,SS,GS,24,4,0,54,5,17,2,9,5,7,1,2,3,2,0,0,0,3,17,0.294,0.222,0.714,13.5,4.3,0.8,0.5,0,0
12,Derrick White,SS,GS,23,3,0,18,3,6,1,2,0,0,0,0,0,1,1,2,0,0,7,0.5,0.5,,6.1,2.3,0,0.3,0.3,0.7
13,Joffrey Lauvergne,SS,GS,26,1,0,6,1,1,0,0,0,0,0,1,1,0,0,0,0,0,2,1,,,5.9,2,1,0,0,0
14,Brandon Paul,SS,GS,26,1,0,3,0,0,0,0,0,0,0,1,1,1,0,0,0,0,0,,,,2.5,0,1,1,0,0
1,Anthony Davis,NO,NP,24,4,4,155,49,85,3,10,31,38,11,36,47,5,7,11,10,14,132,0.576,0.3,0.816,38.8,33,11.8,1.3,1.8,2.8
2,Jrue Holiday,NO,NP,27,4,4,150,46,81,7,20,12,17,5,11,16,26,5,2,13,9,111,0.568,0.35,0.706,37.4,27.8,4,6.5,1.3,0.5
3,Nikola Mirotic,NO,NP,26,4,4,149,28,49,12,26,5,6,2,36,38,6,7,10,2,10,73,0.571,0.462,0.833,37.3,18.3,9.5,1.5,1.8,2.5
4,Rajon Rondo,NO,NP,31,4,4,141,19,39,3,7,4,5,2,28,30,53,3,1,14,10,45,0.487,0.429,0.8,35.4,11.3,7.5,13.3,0.8,0.3
5,E'Twaun Moore,NO,NP,28,4,4,114,12,27,2,8,4,7,4,11,15,6,4,0,3,8,30,0.444,0.25,0.571,28.5,7.5,3.8,1.5,1,0
6,Ian Clark,NO,NP,26,4,0,80,9,20,5,9,0,0,0,3,3,6,3,1,5,10,23,0.45,0.556,,20,5.8,0.8,1.5,0.8,0.3
7,Darius Miller,NO,NP,27,4,0,75,6,14,5,11,2,2,1,9,10,2,2,0,2,4,19,0.429,0.455,1,18.6,4.8,2.5,0.5,0.5,0
8,Solomon Hill,NO,NP,26,4,0,58,3,7,2,4,9,10,3,6,9,2,1,0,3,9,17,0.429,0.5,0.9,14.4,4.3,2.3,0.5,0.3,0
9,Jordan Crawford,NO,NP,29,1,0,7,2,6,1,5,0,0,0,1,1,0,1,0,2,0,5,0.333,0.2,,7.1,5,1,0,1,0
10,Cheick Diallo,NO,NP,21,3,0,21,1,5,0,0,0,0,2,2,4,0,0,1,0,3,2,0.2,,,7.2,0.7,1.3,0,0,0.3
11,DeAndre Liggins,NO,NP,29,1,0,6,0,1,0,0,1,2,0,0,0,0,0,0,0,0,1,0,,0.5,6,1,0,0,0,0
12,Emeka Okafor,NO,NP,35,1,0,4,0,1,0,0,0,0,0,0,0,0,0,0,0,1,0,0,,,3.6,0,0,0,0,0
1,C.J. McCollum,PT,NP,26,4,4,155,40,77,11,26,10,13,0,8,8,14,5,1,9,11,101,0.519,0.423,0.769,38.9,25.3,2,3.5,1.3,0.3
2,Damian Lillard,PT,NP,27,4,4,162,25,71,9,30,15,17,3,15,18,19,5,0,16,8,74,0.352,0.3,0.882,40.6,18.5,4.5,4.8,1.3,0
3,Al-Farouq Aminu,PT,NP,27,4,4,131,27,52,13,30,2,2,12,24,36,5,4,2,6,8,69,0.519,0.433,1,32.7,17.3,9,1.3,1,0.5
4,Jusuf Nurkic,PT,NP,23,4,4,94,19,39,0,0,9,11,12,20,32,4,6,5,3,14,47,0.487,,0.818,23.4,11.8,8,1,1.5,1.3
5,Zach Collins,PT,NP,20,4,0,70,11,30,3,14,3,4,3,9,12,6,3,2,2,10,28,0.367,0.214,0.75,17.4,7,3,1.5,0.8,0.5
6,Evan Turner,PT,NP,29,3,3,87,12,33,2,7,2,2,5,7,12,10,3,1,6,8,28,0.364,0.286,1,28.9,9.3,4,3.3,1,0.3
7,Pat Connaughton,PT,NP,25,4,0,59,6,15,2,10,2,2,2,2,4,6,1,1,1,9,16,0.4,0.2,1,14.8,4,1,1.5,0.3,0.3
8,Maurice Harkless,PT,NP,24,2,1,53,7,13,2,6,0,0,3,5,8,4,0,1,1,4,16,0.538,0.333,,26.6,8,4,2,0,0.5
9,Ed Davis,PT,NP,28,4,0,71,5,10,0,0,1,4,5,27,32,0,0,1,4,7,11,0.5,,0.25,17.7,2.8,8,0,0,0.3
10,Shabazz Napier,PT,NP,26,2,0,35,5,11,0,4,1,2,0,2,2,3,3,0,6,1,11,0.455,0,0.5,17.5,5.5,1,1.5,1.5,0
11,Meyers Leonard,PT,NP,25,2,0,8,4,4,0,0,0,0,0,4,4,0,0,0,0,0,8,1,,,4.1,4,2,0,0,0
12,Jake Layman,PT,NP,23,1,0,8,3,3,0,0,0,0,0,1,1,1,2,0,0,0,6,1,,,7.9,6,1,1,2,0
13,Wade Baldwin,PT,NP,21,4,0,19,1,4,1,1,1,2,0,3,3,3,1,1,3,1,4,0.25,1,0.5,4.8,1,0.8,0.8,0.3,0.3
14,Caleb Swanigan,PT,NP,20,1,0,8,0,2,0,1,3,4,0,2,2,1,0,0,1,1,3,0,0,0.75,7.9,3,2,1,0,0
1,Donovan Mitchell,UJ,UO,21,6,6,232,66,143,16,44,23,25,4,39,43,16,9,4,16,16,171,0.462,0.364,0.92,38.6,28.5,7.2,2.7,1.5,0.7
2,Joe Ingles,UJ,UO,30,6,6,212,28,64,21,45,8,11,3,18,21,19,4,1,10,17,85,0.438,0.467,0.727,35.3,14.2,3.5,3.2,0.7,0.2
3,Rudy Gobert,UJ,UO,25,6,6,213,30,49,0,0,24,37,28,39,67,8,7,12,13,19,84,0.612,,0.649,35.5,14,11.2,1.3,1.2,2
4,Ricky Rubio,UJ,UO,27,6,6,181,28,79,10,32,18,23,5,39,44,42,8,3,18,13,84,0.354,0.313,0.783,30.1,14,7.3,7,1.3,0.5
5,Derrick Favors,UJ,UO,26,6,6,197,29,47,2,4,14,28,17,26,43,9,4,8,7,13,74,0.617,0.5,0.5,32.8,12.3,7.2,1.5,0.7,1.3
6,Jae Crowder,UJ,UO,27,6,0,165,18,57,11,38,9,12,2,21,23,12,11,0,8,17,56,0.316,0.289,0.75,27.5,9.3,3.8,2,1.8,0
7,Royce O'Neale,UJ,UO,24,6,0,108,8,19,5,13,5,11,3,15,18,6,5,4,3,14,26,0.421,0.385,0.455,18,4.3,3,1,0.8,0.7
8,Alec Burks,UJ,UO,26,4,0,22,9,16,3,7,2,3,0,3,3,1,1,0,1,2,23,0.563,0.429,0.667,5.6,5.8,0.8,0.3,0.3,0
9,Dante Exum,UJ,UO,22,6,0,56,7,16,0,2,4,4,1,5,6,6,1,0,9,3,18,0.438,0,1,9.4,3,1,1,0.2,0
10,Jonas Jerebko,UJ,UO,30,6,0,38,5,14,0,4,0,0,4,6,10,1,2,0,1,7,10,0.357,0,,6.4,1.7,1.7,0.2,0.3,0
11,Ekpe Udoh,UJ,UO,30,4,0,10,1,1,0,0,0,2,1,0,1,0,0,1,1,2,2,1,,0,2.6,0.5,0.3,0,0,0.3
12,Raul Neto,UJ,UO,25,3,0,5,0,0,0,0,0,0,0,2,2,0,0,0,0,1,0,,,,1.7,0,0.7,0,0,0
13,David Stockton,UJ,UO,26,1,0,1,0,0,0,0,0,0,0,0,0,0,0,0,0,0,0,,,,1.5,0,0,0,0,0
1,Russell Westbrook,OC,UO,29,6,6,235,64,161,15,42,33,40,11,61,72,45,9,0,31,21,176,0.398,0.357,0.825,39.2,29.3,12,7.5,1.5,0
2,Paul George,OC,UO,27,6,6,251,49,120,19,52,31,36,4,32,36,16,8,4,24,17,148,0.408,0.365,0.861,41.9,24.7,6,2.7,1.3,0.7
3,Carmelo Anthony,OC,UO,33,6,6,194,27,72,6,28,11,15,3,31,34,2,10,4,6,14,71,0.375,0.214,0.733,32.3,11.8,5.7,0.3,1.7,0.7
4,Steven Adams,OC,UO,24,6,6,200,27,46,0,0,9,13,19,26,45,9,4,4,4,15,63,0.587,,0.692,33.4,10.5,7.5,1.5,0.7,0.7
5,Jerami Grant,OC,UO,23,6,0,133,18,35,2,8,5,11,8,12,20,6,4,3,6,15,43,0.514,0.25,0.455,22.1,7.2,3.3,1,0.7,0.5
6,Corey Brewer,OC,UO,31,6,6,151,13,25,5,11,6,6,4,9,13,5,7,5,2,17,37,0.52,0.455,1,25.2,6.2,2.2,0.8,1.2,0.8
7,Raymond Felton,OC,UO,33,6,0,79,12,31,7,14,0,2,2,11,13,9,4,2,5,7,31,0.387,0.5,0,13.1,5.2,2.2,1.5,0.7,0.3
8,Alex Abrines,OC,UO,24,6,0,110,8,20,6,13,2,2,3,13,16,2,5,2,1,11,24,0.4,0.462,1,18.3,4,2.7,0.3,0.8,0.3
9,Patrick Patterson,OC,UO,28,6,0,58,3,6,2,4,0,0,1,10,11,3,1,0,3,8,8,0.5,0.5,,9.6,1.3,1.8,0.5,0.2,0
10,Terrance Ferguson,OC,UO,19,3,0,6,1,1,1,1,0,0,1,0,1,1,0,0,0,2,3,1,1,,2.1,1,0.3,0.3,0,0
11,Josh Huestis,OC,UO,26,4,0,19,1,2,0,0,1,2,0,3,3,0,1,1,0,3,3,0.5,,0.5,4.8,0.8,0.8,0,0.3,0.3
12,Dakari Johnson,OC,UO,22,2,0,3,0,0,0,0,0,0,0,0,0,0,0,0,0,0,0,,,,1.6,0,0,0,0,0
1,Jayson Tatum,BC,BP,19,5,5,189,41,78,6,19,30,37,3,14,17,16,3,3,15,13,118,0.526,0.316,0.811,37.9,23.6,3.4,3.2,0.6,0.6
2,Terry Rozier,BC,BP,23,5,5,197,32,74,17,41,14,16,4,32,36,22,6,2,5,7,95,0.432,0.415,0.875,39.3,19,7.2,4.4,1.2,0.4
3,Al Horford,BC,BP,31,5,5,185,31,55,2,9,13,14,8,35,43,17,9,6,10,9,77,0.564,0.222,0.929,37,15.4,8.6,3.4,1.8,1.2
4,Marcus Smart,BC,BP,23,5,4,167,21,56,8,29,15,23,5,16,21,24,10,4,14,21,65,0.375,0.276,0.652,33.3,13,4.2,4.8,2,0.8
5,Jaylen Brown,BC,BP,21,4,1,108,23,43,10,20,5,10,3,17,20,5,2,4,6,14,61,0.535,0.5,0.5,27,15.3,5,1.3,0.5,1
6,Marcus Morris,BC,BP,28,5,0,150,18,59,7,22,11,13,4,22,26,8,1,5,2,16,54,0.305,0.318,0.846,30.1,10.8,5.2,1.6,0.2,1
7,Aron Baynes,BC,BP,31,5,5,118,14,32,7,16,5,6,10,24,34,5,1,2,2,16,40,0.438,0.438,0.833,23.6,8,6.8,1,0.2,0.4
8,Shane Larkin,BC,BP,25,4,0,44,3,9,1,2,2,2,0,6,6,5,1,0,1,5,9,0.333,0.5,1,11.1,2.3,1.5,1.3,0.3,0
9,Greg Monroe,BC,BP,27,2,0,14,3,6,0,0,1,1,1,2,3,0,1,1,2,2,7,0.5,,1,6.8,3.5,1.5,0,0.5,0.5
10,Semi Ojeleye,BC,BP,23,5,0,48,2,5,2,3,0,0,0,1,1,0,2,0,0,5,6,0.4,0.667,,9.5,1.2,0.2,0,0.4,0
11,Abdel Nader,BC,BP,24,2,0,3,0,0,0,0,0,2,0,0,0,1,0,0,0,0,0,,,0,1.5,0,0,0.5,0,0
12,Guerschon Yabusele,BC,BP,22,2,0,3,0,1,0,0,0,0,0,0,0,0,0,0,0,1,0,0,,,1.5,0,0,0,0,0
1,Joel Embiid,PS,BP,23,5,5,187,45,102,5,21,20,28,18,52,70,18,3,5,14,18,115,0.441,0.238,0.714,37.4,23,14,3.6,0.6,1
2,Dario Saric,PS,BP,23,5,5,180,30,66,8,20,21,26,17,22,39,18,6,3,5,13,89,0.455,0.4,0.808,36,17.8,7.8,3.6,1.2,0.6
3,J.J. Redick,PS,BP,33,5,5,182,30,69,13,38,9,13,2,9,11,13,4,0,6,13,82,0.435,0.342,0.692,36.4,16.4,2.2,2.6,0.8,0
4,Ben Simmons,PS,BP,21,5,5,182,28,59,0,0,16,23,4,37,41,32,5,5,24,15,72,0.475,,0.696,36.4,14.4,8.2,6.4,1,1
5,Marco Belinelli,PS,BP,31,5,0,120,15,44,5,16,11,11,0,8,8,8,1,0,3,10,46,0.341,0.313,1,23.9,9.2,1.6,1.6,0.2,0
6,T.J. McConnell,PS,BP,25,5,2,114,19,26,2,2,0,1,5,12,17,18,4,0,3,8,40,0.731,1,0,22.8,8,3.4,3.6,0.8,0
7,Ersan Ilyasova,PS,BP,30,5,0,99,13,39,3,14,10,15,14,16,30,8,2,3,2,10,39,0.333,0.214,0.667,19.7,7.8,6,1.6,0.4,0.6
8,Robert Covington,PS,BP,27,5,3,132,11,41,6,24,6,7,7,18,25,8,7,4,4,14,34,0.268,0.25,0.857,26.3,6.8,5,1.6,1.4,0.8
9,Justin Anderson,PS,BP,24,3,0,9,0,1,0,1,0,0,0,2,2,0,1,0,0,4,0,0,0,,3,0,0.7,0,0.3,0
10,Jerryd Bayless,PS,BP,29,1,0,2,0,0,0,0,0,0,0,0,0,0,0,0,0,0,0,,,,1.7,0,0,0,0,0
11,Richaun Holmes,PS,BP,24,1,0,2,0,1,0,0,0,0,0,0,0,0,0,0,0,0,0,0,,,1.7,0,0,0,0,0
12,Amir Johnson,PS,BP,30,3,0,17,0,0,0,0,0,0,1,1,2,2,0,0,0,3,0,,,,5.7,0,0.7,0.7,0,0
1,LeBron James,CC,CT,33,4,4,167,57,103,3,18,19,33,2,31,33,45,7,4,8,6,136,0.553,0.167,0.576,41.8,34,8.3,11.3,1.8,1
2,Kevin Love,CC,CT,29,4,4,138,29,61,6,17,18,20,4,42,46,6,4,4,6,15,82,0.475,0.353,0.9,34.6,20.5,11.5,1.5,1,1
3,Kyle Korver,CC,CT,36,4,4,126,21,36,14,25,2,2,1,9,10,7,3,0,2,9,58,0.583,0.56,1,31.5,14.5,2.5,1.8,0.8,0
4,J.R. Smith,CC,CT,32,4,4,126,17,27,10,13,6,6,2,4,6,7,6,0,0,6,50,0.63,0.769,1,31.4,12.5,1.5,1.8,1.5,0
5,Jeff Green,CC,CT,31,4,0,95,17,31,7,16,8,13,1,8,9,7,2,4,1,7,49,0.548,0.438,0.615,23.8,12.3,2.3,1.8,0.5,1
6,George Hill,CC,CT,31,4,4,127,16,30,2,6,7,7,1,6,7,12,0,2,4,10,41,0.533,0.333,1,31.8,10.3,1.8,3,0,0.5
7,Tristan Thompson,CC,CT,26,4,0,69,8,13,0,0,5,5,13,6,19,2,0,0,0,6,21,0.615,,1,17.1,5.3,4.8,0.5,0,0
8,Jordan Clarkson,CC,CT,25,4,0,56,8,27,3,11,1,1,1,6,7,4,4,0,5,6,20,0.296,0.273,1,14,5,1.8,1,1,0
9,Larry Nance,CC,CT,25,2,0,8,4,4,0,0,0,0,2,2,4,0,0,2,0,1,8,1,,,4.1,4,2,0,0,1
10,Cedi Osman,CC,CT,22,2,0,23,2,5,1,3,0,0,1,1,2,2,0,0,0,2,5,0.4,0.333,,11.5,2.5,1,1,0,0
11,Jose Calderon,CC,CT,36,1,0,8,0,0,0,0,2,2,0,1,1,1,0,0,0,1,2,,,1,7.6,2,1,1,0,0
12,Rodney Hood,CC,CT,25,3,0,39,1,9,0,3,0,0,2,5,7,4,0,1,2,8,2,0.111,0,,12.9,0.7,2.3,1.3,0,0.3
13,Ante Zizic,CC,CT,21,1,0,3,0,3,0,0,0,0,0,1,1,0,0,0,0,0,0,0,,,3.5,0,1,0,0,0
1,Kyle Lowry,TR,CT,31,4,4,144,24,42,11,24,12,14,0,14,14,35,3,0,13,11,71,0.571,0.458,0.857,36,17.8,3.5,8.8,0.8,0
2,DeMar DeRozan,TR,CT,28,4,4,136,29,66,0,9,9,11,3,13,16,11,3,5,8,15,67,0.439,0,0.818,34.1,16.8,4,2.8,0.8,1.3
3,Jonas Valanciunas,TR,CT,25,4,3,97,25,50,0,2,15,19,16,33,49,6,0,7,9,10,65,0.5,0,0.789,24.2,16.3,12.3,1.5,0,1.8
4,C.J. Miles,TR,CT,30,4,1,99,15,31,7,14,3,5,6,8,14,4,3,2,4,11,40,0.484,0.5,0.6,24.7,10,3.5,1,0.8,0.5
5,Fred VanVleet,TR,CT,23,4,1,93,11,31,7,22,7,8,0,6,6,9,0,0,2,7,36,0.355,0.318,0.875,23.2,9,1.5,2.3,0,0
6,Serge Ibaka,TR,CT,28,4,3,87,11,28,3,10,9,9,6,11,17,4,0,5,7,9,34,0.393,0.3,1,21.9,8.5,4.3,1,0,1.3
7,OG Anunoby,TR,CT,20,4,4,107,13,25,6,14,0,2,4,4,8,4,1,1,3,11,32,0.52,0.429,0,26.7,8,2,1,0.3,0.3
8,Pascal Siakam,TR,CT,23,4,0,83,11,16,1,1,5,8,3,9,12,3,0,0,4,14,28,0.688,1,0.625,20.7,7,3,0.8,0,0
9,Delon Wright,TR,CT,25,4,0,66,8,18,2,6,4,4,0,7,7,7,1,3,2,3,22,0.444,0.333,1,16.5,5.5,1.8,1.8,0.3,0.8
10,Jakob Poeltl,TR,CT,22,3,0,44,3,9,0,0,6,6,3,7,10,1,1,1,1,5,12,0.333,,1,14.5,4,3.3,0.3,0.3,0.3
11,Norman Powell,TR,CT,24,2,0,16,3,7,0,2,1,2,0,2,2,0,0,0,0,1,7,0.429,0,0.5,7.8,3.5,1,0,0,0
12,Lorenzo Brown,TR,CT,27,2,0,10,1,3,1,2,1,2,0,3,3,1,0,0,0,0,4,0.333,0.5,0.5,5.1,2,1.5,0.5,0,0
13,Lucas Nogueira,TR,CT,25,2,0,4,0,0,0,0,0,0,0,0,0,0,0,0,1,1,0,,,,2.2,0,0,0,0,0
1,Kevin Durant,GW,GP,29,5,5,182,54,107,9,28,22,27,3,34,37,24,7,6,10,7,139,0.505,0.321,0.815,36.5,27.8,7.4,4.8,1.4,1.2
2,Klay Thompson,GW,GP,27,5,5,183,38,99,12,43,11,11,3,29,32,9,1,2,6,11,99,0.384,0.279,1,36.7,19.8,6.4,1.8,0.2,0.4
3,Stephen Curry,GW,GP,29,4,3,125,32,67,15,34,19,19,2,19,21,14,8,2,15,6,98,0.478,0.441,1,31.2,24.5,5.3,3.5,2,0.5
4,Draymond Green,GW,GP,27,5,5,186,27,55,8,20,12,15,12,47,59,50,12,8,18,16,74,0.491,0.4,0.8,37.1,14.8,11.8,10,2.4,1.6
5,Andre Iguodala,GW,GP,34,5,4,140,14,29,4,12,7,12,4,21,25,17,10,2,3,7,39,0.483,0.333,0.583,27.9,7.8,5,3.4,2,0.4
6,Quinn Cook,GW,GP,24,4,0,58,12,27,0,10,6,8,1,8,9,4,1,0,2,4,30,0.444,0,0.75,14.4,7.5,2.3,1,0.3,0
7,Kevon Looney,GW,GP,21,5,0,113,12,17,0,0,4,8,10,19,29,5,4,1,2,17,28,0.706,,0.5,22.6,5.6,5.8,1,0.8,0.2
8,Shaun Livingston,GW,GP,32,5,0,79,11,27,0,0,4,4,0,6,6,12,0,1,3,9,26,0.407,,1,15.9,5.2,1.2,2.4,0,0.2
9,David West,GW,GP,37,5,0,40,8,14,0,0,0,0,2,5,7,13,2,4,3,4,16,0.571,,,7.9,3.2,1.4,2.6,0.4,0.8
10,Nick Young,GW,GP,32,4,2,41,3,11,3,10,2,3,0,4,4,1,1,0,1,3,11,0.273,0.3,0.667,10.2,2.8,1,0.3,0.3,0
11,JaVale McGee,GW,GP,30,3,1,19,3,8,0,1,0,0,4,2,6,0,0,1,0,2,6,0.375,0,,6.2,2,2,0,0,0.3
12,Zaza Pachulia,GW,GP,33,2,0,8,1,2,0,0,2,4,4,2,6,0,2,0,1,1,4,0.5,,0.5,4.2,2,3,0,1,0
13,Jordan Bell,GW,GP,23,4,0,23,1,4,0,0,1,2,1,5,6,5,2,2,0,2,3,0.25,,0.5,5.8,0.8,1.5,1.3,0.5,0.5
14,Damian Jones,GW,GP,22,1,0,3,0,1,0,0,2,2,0,0,0,0,0,0,0,0,2,0,,1,3.2,2,0,0,0,0
1,Anthony Davis,NO,GP,24,5,5,203,57,119,3,12,22,26,13,61,74,10,11,10,13,16,139,0.479,0.25,0.846,40.6,27.8,14.8,2,2.2,2
2,Jrue Holiday,NO,GP,27,5,5,199,42,89,9,30,9,13,4,31,35,31,5,3,10,13,102,0.472,0.3,0.692,39.8,20.4,7,6.2,1,0.6
3,E'Twaun Moore,NO,GP,28,5,5,170,29,61,7,17,7,9,2,6,8,9,2,1,8,12,72,0.475,0.412,0.778,34,14.4,1.6,1.8,0.4,0.2
4,Nikola Mirotic,NO,GP,26,5,5,171,21,53,10,25,10,13,7,41,48,9,3,2,8,14,62,0.396,0.4,0.769,34.1,12.4,9.6,1.8,0.6,0.4
5,Rajon Rondo,NO,GP,31,5,5,161,19,53,5,12,5,9,7,31,38,57,10,1,19,10,48,0.358,0.417,0.556,32.2,9.6,7.6,11.4,2,0.2
6,Ian Clark,NO,GP,26,5,0,110,19,46,5,19,4,4,2,5,7,5,5,1,4,10,47,0.413,0.263,1,22,9.4,1.4,1,1,0.2
7,Darius Miller,NO,GP,27,5,0,88,8,20,4,13,4,4,1,9,10,9,3,0,4,6,24,0.4,0.308,1,17.6,4.8,2,1.8,0.6,0
8,Solomon Hill,NO,GP,26,5,0,56,6,18,4,12,0,0,3,5,8,5,0,1,3,8,16,0.333,0.333,,11.3,3.2,1.6,1,0,0.2
9,Jordan Crawford,NO,GP,29,1,0,8,6,7,2,3,0,0,0,3,3,1,0,0,1,1,14,0.857,0.667,,8.3,14,3,1,0,0
10,Cheick Diallo,NO,GP,21,4,0,27,4,7,0,0,0,0,2,3,5,0,1,0,1,6,8,0.571,,,6.7,2,1.3,0,0.3,0
11,DeAndre Liggins,NO,GP,29,2,0,8,0,0,0,0,0,0,0,1,1,0,0,0,2,0,0,,,,3.8,0,0.5,0,0,0
1,James Harden,HR,HU,28,5,5,175,44,109,13,44,39,43,5,21,26,37,11,1,17,14,140,0.404,0.295,0.907,35,28,5.2,7.4,2.2,0.2
2,Chris Paul,HR,HU,32,5,5,171,46,95,15,34,16,19,3,32,35,31,11,1,10,13,123,0.484,0.441,0.842,34.2,24.6,7,6.2,2.2,0.2
3,Clint Capela,HR,HU,23,5,5,165,29,49,0,0,7,12,17,34,51,9,9,18,4,14,65,0.592,,0.583,33,13,10.2,1.8,1.8,3.6
4,Eric Gordon,HR,HU,29,5,0,152,18,53,9,27,16,18,2,14,16,9,3,2,7,11,61,0.34,0.333,0.889,30.5,12.2,3.2,1.8,0.6,0.4
5,P.J. Tucker,HR,HU,32,5,5,164,22,38,13,25,2,2,6,28,34,6,2,6,1,12,59,0.579,0.52,1,32.7,11.8,6.8,1.2,0.4,1.2
6,Trevor Ariza,HR,HU,32,5,5,150,12,30,7,22,1,2,1,19,20,3,3,1,1,8,32,0.4,0.318,0.5,30.1,6.4,4,0.6,0.6,0.2
7,Gerald Green,HR,HU,32,5,0,53,8,20,7,18,0,0,1,9,10,0,4,0,1,6,23,0.4,0.389,,10.7,4.6,2,0,0.8,0
8,Luc Mbah a Moute,HR,HU,31,5,0,95,7,21,2,10,4,5,0,15,15,3,4,4,4,7,20,0.333,0.2,0.8,19,4,3,0.6,0.8,0.8
9,Nene Hilario,HR,HU,35,5,0,43,6,10,0,0,4,4,2,9,11,2,2,2,6,9,16,0.6,,1,8.6,3.2,2.2,0.4,0.4,0.4
10,Ryan Anderson,HR,HU,29,3,0,21,1,4,0,2,0,0,0,3,3,2,1,0,0,2,2,0.25,0,,6.9,0.7,1,0.7,0.3,0
11,Joe Johnson,HR,HU,36,1,0,4,1,3,0,0,0,0,0,0,0,0,0,0,0,2,2,0.333,,,4.3,2,0,0,0,0
12,Tarik Black,HR,HU,26,2,0,5,0,2,0,0,0,0,0,1,1,0,0,1,0,2,0,0,,,2.6,0,0.5,0,0,0.5
13,Aaron Jackson,HR,HU,31,1,0,1,0,0,0,0,0,0,0,0,0,0,0,0,0,0,0,,,,1,0,0,0,0,0
1,Donovan Mitchell,UJ,HU,21,5,5,180,36,100,9,36,16,18,5,17,22,30,7,0,16,19,97,0.36,0.25,0.889,36,19.4,4.4,6,1.4,0
2,Joe Ingles,UJ,HU,30,5,5,171,29,57,14,32,3,6,2,25,27,18,2,1,16,12,75,0.509,0.438,0.5,34.2,15,5.4,3.6,0.4,0.2
3,Rudy Gobert,UJ,HU,25,5,5,170,25,35,0,0,11,21,15,36,51,3,3,13,8,15,61,0.714,,0.524,34.1,12.2,10.2,0.6,0.6,2.6
4,Alec Burks,UJ,HU,26,5,0,98,21,48,6,13,11,12,2,19,21,16,3,1,7,7,59,0.438,0.462,0.917,19.6,11.8,4.2,3.2,0.6,0.2
5,Jae Crowder,UJ,HU,27,5,2,158,17,51,11,28,9,16,2,31,33,7,4,2,6,8,54,0.333,0.393,0.563,31.7,10.8,6.6,1.4,0.8,0.4
6,Royce O'Neale,UJ,HU,24,5,5,151,20,37,5,15,7,8,0,20,20,9,5,0,13,16,52,0.541,0.333,0.875,30.2,10.4,4,1.8,1,0
7,Dante Exum,UJ,HU,22,4,0,57,13,25,2,5,5,8,3,5,8,4,0,1,6,12,33,0.52,0.4,0.625,14.4,8.3,2,1,0,0.3
8,Derrick Favors,UJ,HU,26,5,3,90,13,21,0,1,2,5,3,11,14,4,4,3,3,4,28,0.619,0,0.4,17.9,5.6,2.8,0.8,0.8,0.6
9,Raul Neto,UJ,HU,25,5,0,67,7,23,2,7,5,5,2,6,8,10,2,0,4,6,21,0.304,0.286,1,13.4,4.2,1.6,2,0.4,0
10,Jonas Jerebko,UJ,HU,30,4,0,41,3,5,1,2,2,2,0,6,6,2,1,0,0,2,9,0.6,0.5,1,10.2,2.3,1.5,0.5,0.3,0
11,Tony Bradley,UJ,HU,20,1,0,2,1,2,0,0,0,0,1,0,1,0,0,0,0,0,2,0.5,,,1.9,2,1,0,0,0
12,David Stockton,UJ,HU,26,1,0,4,1,3,0,1,0,0,0,1,1,0,0,0,0,1,2,0.333,0,,4.3,2,1,0,0,0
13,Ekpe Udoh,UJ,HU,30,2,0,10,0,0,0,0,0,2,0,2,2,0,0,1,0,0,0,,,0,5.2,0,1,0,0,0.5
1,LeBron James,CC,CB,33,7,7,288,86,164,18,44,45,65,6,57,63,59,8,8,40,18,235,0.524,0.409,0.692,41.1,33.6,9,8.4,1.1,1.1
2,Kevin Love,CC,CB,29,6,6,160,27,72,7,26,14,14,10,49,59,14,3,1,14,18,75,0.375,0.269,1,26.7,12.5,9.8,2.3,0.5,0.2
3,George Hill,CC,CB,31,7,7,232,23,51,5,21,16,21,4,11,15,13,6,4,5,16,67,0.451,0.238,0.762,33.1,9.6,2.1,1.9,0.9,0.6
4,Jeff Green,CC,CB,31,7,1,185,20,45,5,21,16,19,2,22,24,6,1,6,11,15,61,0.444,0.238,0.842,26.5,8.7,3.4,0.9,0.1,0.9
5,Kyle Korver,CC,CB,36,7,1,153,20,44,14,33,6,6,1,15,16,3,2,6,4,18,60,0.455,0.424,1,21.8,8.6,2.3,0.4,0.3,0.9
6,Tristan Thompson,CC,CB,26,7,6,195,22,36,0,1,8,11,16,40,56,6,1,4,5,10,52,0.611,0,0.727,27.9,7.4,8,0.9,0.1,0.6
7,J.R. Smith,CC,CB,32,7,7,222,14,54,10,34,5,7,0,19,19,6,2,2,5,19,43,0.259,0.294,0.714,31.6,6.1,2.7,0.9,0.3,0.3
8,Jordan Clarkson,CC,CB,25,6,0,77,13,43,6,18,1,1,5,6,11,0,1,1,1,7,33,0.302,0.333,1,12.8,5.5,1.8,0,0.2,0.2
9,Larry Nance,CC,CB,25,7,0,93,12,14,0,1,5,9,10,17,27,7,8,6,5,12,29,0.857,0,0.556,13.3,4.1,3.9,1,1.1,0.9
10,Rodney Hood,CC,CB,25,3,0,33,8,17,1,4,1,1,0,2,2,4,0,0,1,4,18,0.471,0.25,1,11.1,6,0.7,1.3,0,0
11,Ante Zizic,CC,CB,21,3,0,10,1,3,0,0,3,6,0,4,4,1,0,1,1,0,5,0.333,,0.5,3.3,1.7,1.3,0.3,0,0.3
12,Cedi Osman,CC,CB,22,6,0,20,1,4,0,1,1,2,0,3,3,1,2,0,0,0,3,0.25,0,0.5,3.4,0.5,0.5,0.2,0.3,0
13,Jose Calderon,CC,CB,36,4,0,13,1,3,0,2,0,0,0,2,2,2,0,0,0,1,2,0.333,0,,3.2,0.5,0.5,0.5,0,0
1,Jaylen Brown,BC,CB,21,7,7,231,51,116,17,47,19,25,7,27,34,11,5,3,9,23,138,0.44,0.362,0.76,33,19.7,4.9,1.6,0.7,0.4
2,Jayson Tatum,BC,CB,19,7,7,260,45,91,9,26,26,30,2,27,29,14,9,3,15,23,125,0.495,0.346,0.867,37.1,17.9,4.1,2,1.3,0.4
3,Al Horford,BC,CB,31,7,7,249,33,69,6,18,23,27,10,43,53,23,5,6,5,11,95,0.478,0.333,0.852,35.6,13.6,7.6,3.3,0.7,0.9
4,Terry Rozier,BC,CB,23,7,7,247,37,98,13,51,8,10,0,34,34,40,10,0,6,18,95,0.378,0.255,0.8,35.4,13.6,4.9,5.7,1.4,0
5,Marcus Morris,BC,CB,28,7,4,219,31,79,13,28,14,20,11,32,43,7,3,0,8,24,89,0.392,0.464,0.7,31.2,12.7,6.1,1,0.4,0
6,Marcus Smart,BC,CB,23,7,0,200,21,64,7,31,13,18,7,17,24,45,12,2,13,15,62,0.328,0.226,0.722,28.5,8.9,3.4,6.4,1.7,0.3
7,Aron Baynes,BC,CB,31,7,3,149,14,30,2,4,7,10,16,27,43,6,2,7,2,14,37,0.467,0.5,0.7,21.3,5.3,6.1,0.9,0.3,1
8,Greg Monroe,BC,CB,27,4,0,33,7,9,0,0,4,6,2,8,10,1,1,0,4,5,18,0.778,,0.667,8.1,4.5,2.5,0.3,0.3,0
9,Semi Ojeleye,BC,CB,23,5,0,56,3,11,1,7,4,5,0,7,7,1,1,0,0,6,11,0.273,0.143,0.8,11.1,2.2,1.4,0.2,0.2,0
10,Abdel Nader,BC,CB,24,5,0,16,3,9,0,2,0,0,0,1,1,0,0,0,2,1,6,0.333,0,,3.2,1.2,0.2,0,0,0
11,Guerschon Yabusele,BC,CB,22,5,0,21,0,3,0,3,1,2,0,5,5,1,0,0,0,3,1,0,0,0.5,4.1,0.2,1,0.2,0,0
1,Kevin Durant,GW,GR,29,7,7,274,70,152,19,48,54,61,6,34,40,19,2,6,13,14,213,0.461,0.396,0.885,39.1,30.4,5.7,2.7,0.3,0.9
2,Stephen Curry,GW,GR,29,7,7,268,68,145,27,75,12,14,4,42,46,40,12,6,17,21,175,0.469,0.36,0.857,38.3,25,6.6,5.7,1.7,0.9
3,Klay Thompson,GW,GR,27,7,7,266,51,106,27,55,7,10,5,19,24,11,11,2,12,15,136,0.481,0.491,0.7,38,19.4,3.4,1.6,1.6,0.3
4,Draymond Green,GW,GR,27,7,7,279,21,52,2,17,14,17,11,72,83,47,14,12,27,24,58,0.404,0.118,0.824,39.9,8.3,11.9,6.7,2,1.7
5,Shaun Livingston,GW,GR,32,7,0,121,17,33,0,0,3,5,5,11,16,5,3,0,6,12,37,0.515,,0.6,17.2,5.3,2.3,0.7,0.4,0
6,Nick Young,GW,GR,32,7,0,97,9,21,8,20,4,5,1,5,6,3,0,0,1,10,30,0.429,0.4,0.8,13.8,4.3,0.9,0.4,0,0
7,Andre Iguodala,GW,GR,34,3,3,82,8,13,0,2,10,12,3,10,13,5,5,1,5,6,26,0.615,0,0.833,27.2,8.7,4.3,1.7,1.7,0.3
8,Kevon Looney,GW,GR,21,7,4,135,13,27,0,0,0,2,20,15,35,5,5,4,2,16,26,0.481,,0,19.3,3.7,5,0.7,0.7,0.6
9,Quinn Cook,GW,GR,24,6,0,27,7,12,3,7,3,3,0,2,2,2,2,0,1,4,20,0.583,0.429,1,4.5,3.3,0.3,0.3,0.3,0
10,Jordan Bell,GW,GR,23,6,0,85,5,11,0,0,2,4,9,17,26,5,3,5,6,11,12,0.455,,0.5,14.2,2,4.3,0.8,0.5,0.8
11,David West,GW,GR,37,4,0,27,4,7,0,0,0,0,2,2,4,5,0,0,1,5,8,0.571,,,6.7,2,1,1.3,0,0
12,Zaza Pachulia,GW,GR,33,3,0,12,2,2,0,0,1,2,1,2,3,1,1,0,1,0,5,1,,0.5,3.9,1.7,1,0.3,0.3,0
13,JaVale McGee,GW,GR,30,1,0,3,2,2,0,0,0,0,0,1,1,0,0,0,0,0,4,1,,,3.1,4,1,0,0,0
14,Patrick McCaw,GW,GR,22,2,0,5,1,2,0,1,0,0,0,2,2,0,1,0,0,1,2,0.5,0,,2.7,1,1,0,0.5,0
1,James Harden,HR,GR,28,7,7,267,68,164,19,78,46,52,6,33,39,42,15,4,34,20,201,0.415,0.244,0.885,38.2,28.7,5.6,6,2.1,0.6
2,Eric Gordon,HR,GR,29,7,2,243,44,104,21,60,24,29,2,18,20,14,4,4,14,12,133,0.423,0.35,0.828,34.6,19,2.9,2,0.6,0.6
3,Chris Paul,HR,GR,32,5,5,184,35,86,14,38,15,20,5,29,34,23,9,2,9,21,99,0.407,0.368,0.75,36.7,19.8,6.8,4.6,1.8,0.4
4,Clint Capela,HR,GR,23,7,7,199,31,43,0,0,10,25,20,55,75,6,4,8,9,15,72,0.721,,0.4,28.5,10.3,10.7,0.9,0.6,1.1
5,Trevor Ariza,HR,GR,32,7,7,259,21,63,7,35,13,15,7,18,25,12,10,1,8,25,62,0.333,0.2,0.867,36.9,8.9,3.6,1.7,1.4,0.1
6,P.J. Tucker,HR,GR,32,7,7,272,20,42,13,27,8,13,17,46,63,13,9,2,10,22,61,0.476,0.481,0.615,38.9,8.7,9,1.9,1.3,0.3
7,Gerald Green,HR,GR,32,7,0,126,15,39,12,28,2,3,1,13,14,0,0,5,7,10,44,0.385,0.429,0.667,18.1,6.3,2,0,0,0.7
8,Joe Johnson,HR,GR,36,4,0,25,3,10,0,3,0,0,0,6,6,1,0,0,2,1,6,0.3,0,,6.2,1.5,1.5,0.3,0,0
9,Luc Mbah a Moute,HR,GR,31,4,0,54,2,15,1,5,0,2,3,4,7,0,2,0,2,1,5,0.133,0.2,0,13.6,1.3,1.8,0,0.5,0
10,Aaron Jackson,HR,GR,31,2,0,8,2,3,0,1,0,0,2,1,3,1,0,0,1,1,4,0.667,0,,4.1,2,1.5,0.5,0,0
11,Tarik Black,HR,GR,26,2,0,9,1,2,0,0,0,0,2,1,3,1,0,0,1,3,2,0.5,,,4.5,1,1.5,0.5,0,0
12,Ryan Anderson,HR,GR,29,5,0,29,0,4,0,2,0,0,2,1,3,1,1,0,1,5,0,0,0,,5.7,0,0.6,0.2,0.2,0
13,Nene Hilario,HR,GR,35,1,0,6,0,1,0,0,0,0,0,1,1,0,0,0,0,1,0,0,,,5.8,0,1,0,0,0
