Rk,Player,Pos,Age,Tm,G,MP ▼,PER,TS%,3PAr,FTr,ORB%,DRB%,TRB%,AST%,STL%,BLK%,TOV%,USG%,,OWS,DWS,WS,WS/48,,OBPM,DBPM,BPM,VORP
1,LeBron James,PF,33,CLE,19,790,33.7,0.624,0.229,0.414,3.9,22.5,13.2,46.3,1.7,2.3,13,36.2,,3.9,1,4.9,0.296,,10.9,4,14.9,3.4
2,Draymond Green,PF,27,GSW,18,700,16.7,0.527,0.407,0.262,6.3,25.6,16.3,28,2.7,3.5,23.8,16,,0.6,1.7,2.3,0.156,,1.5,6,7.5,1.7
3,Terry Rozier,PG,23,BOS,19,696,17.3,0.538,0.553,0.211,1.3,15.5,8.2,26.3,1.8,0.8,7,20.7,,1.3,0.9,2.2,0.149,,3.6,0.9,4.5,1.1
4,Klay Thompson,SG,27,GSW,18,691,14.6,0.58,0.451,0.094,1.8,9.6,5.8,7.9,1,0.6,7.8,22.3,,0.8,0.8,1.6,0.114,,2.5,-1.4,1.1,0.5
5,Kevin Durant,PF,29,GSW,18,688,23.7,0.589,0.323,0.354,1.8,18.1,10.2,18.6,0.9,2.5,8.7,31.1,,1.9,1.1,3,0.21,,4.7,0.1,4.8,1.2
6,Jayson Tatum,SF,19,BOS,19,683,16.2,0.578,0.272,0.372,1.6,12.6,7,13.3,1.7,1.3,11.9,23.3,,0.8,0.8,1.6,0.116,,0.6,0.7,1.3,0.6
7,Al Horford,C,31,BOS,19,679,20.1,0.631,0.211,0.368,5.3,21.6,13.3,15.8,1.4,2.9,11.9,18.3,,1.7,1,2.7,0.192,,2.2,3.3,5.5,1.3
8,James Harden,SG,28,HOU,17,621,25,0.548,0.452,0.345,2.5,13.6,7.9,35.9,3.1,1.6,12.8,36.7,,1.3,0.9,2.1,0.164,,6,1.7,7.7,1.5
9,J.R. Smith,SG,32,CLE,19,616,6.7,0.496,0.647,0.122,1.8,8.6,5.2,5.3,1.4,0.6,9.9,13.9,,-0.1,0.4,0.3,0.027,,-2.1,0.4,-1.7,0
10,Jaylen Brown,SG,21,BOS,18,583,16.1,0.563,0.421,0.188,3.1,14.3,8.6,8.3,1.2,1.5,7.4,24.6,,0.6,0.7,1.3,0.105,,1.4,-0.7,0.7,0.4
11,Trevor Ariza,SF,32,HOU,17,582,7.6,0.488,0.655,0.223,1.7,10.8,6.2,5.5,1.6,0.3,6.1,12.5,,0.1,0.5,0.6,0.049,,-1.7,1,-0.7,0.2
12,P.J. Tucker,PF,32,HOU,17,569,11.8,0.651,0.694,0.167,4.4,17.4,10.8,5.7,1,2,10.8,10.2,,0.9,0.6,1.5,0.124,,0.3,2.2,2.5,0.6
13,Kevin Love,C,29,CLE,18,567,14.1,0.504,0.368,0.214,7.8,31,19.4,8.2,1,1.1,12.6,24.2,,0,0.7,0.7,0.061,,-3.4,0.1,-3.3,-0.2
14,Marcus Morris,PF,28,BOS,19,562,9.3,0.474,0.323,0.265,4,17.3,10.5,6.2,0.6,0.8,7.1,22,,-0.2,0.6,0.3,0.029,,-3.3,-1.1,-4.4,-0.3
15,Eric Gordon,SG,29,HOU,17,549,12.1,0.529,0.588,0.276,1.8,7.4,4.5,8.2,0.9,1.3,8.8,22.2,,0.3,0.3,0.6,0.056,,-0.5,-1.4,-1.9,0
16,Clint Capela,C,23,HOU,17,520,24.2,0.642,0,0.382,12.8,29.4,21,7.1,1.4,6.1,8.2,15.8,,1.7,0.9,2.6,0.238,,0.6,4.7,5.4,1
17,Chris Paul,PG,32,HOU,15,517,22.9,0.565,0.385,0.206,1.9,17.4,9.5,30.8,2.9,0.7,9.1,26.7,,1.4,0.7,2.1,0.193,,4.7,1.8,6.5,1.1
18,George Hill,PG,31,CLE,16,471,11.7,0.596,0.368,0.462,2.3,6.4,4.3,11,0.9,1.4,11.1,14.3,,0.8,0.3,1,0.104,,-0.6,0.1,-0.6,0.2
19,Jeff Green,PF,31,CLE,19,462,11.5,0.548,0.504,0.358,1.8,11.4,6.6,9.7,0.8,2.8,10.1,16.1,,0.4,0.4,0.8,0.08,,-1.6,0.7,-0.8,0.1
20,Kyle Korver,SG,36,CLE,19,456,13.6,0.658,0.789,0.141,1.1,11.3,6.2,5.9,1,1.6,8.1,15.2,,0.9,0.3,1.3,0.135,,1.7,-0.3,1.4,0.4
21,Marcus Smart,SG,23,BOS,15,449,11.7,0.447,0.476,0.343,3.5,11,7.2,27.7,3,2,17.9,20.6,,-0.3,0.7,0.4,0.038,,-1.3,2.3,0.9,0.3
22,Stephen Curry,PG,29,GSW,12,439,22.7,0.603,0.511,0.149,1.5,16.1,9.1,24.1,2.4,1.6,12,28.8,,0.9,0.8,1.7,0.188,,6.3,1,7.3,1
23,Donovan Mitchell,SG,21,UTA,11,411,16.8,0.512,0.329,0.177,2.3,14.8,8.5,20.8,1.9,0.9,10.9,31.5,,0.1,0.5,0.5,0.063,,0.4,0.8,1.3,0.3
24,Aron Baynes,C,31,BOS,19,389,15.7,0.588,0.258,0.202,13,22,17.4,7.7,0.5,2.5,7.6,12.4,,0.9,0.5,1.4,0.174,,0.6,1.7,2.4,0.4
25,Rudy Gobert,C,25,UTA,11,383,19.5,0.662,0,0.69,12,21.3,16.6,4.5,1.3,5.8,16.1,15,,0.8,0.6,1.5,0.184,,0.1,4.9,5.1,0.7
26,Joe Ingles,SF,30,UTA,11,382,12.4,0.623,0.636,0.14,1.4,12.3,6.8,15.2,0.8,0.5,16.8,17.8,,0.4,0.3,0.7,0.085,,1.5,0.5,2,0.4
27,Kevon Looney,C,21,GSW,18,373,12.4,0.542,0.029,0.243,12.4,13,12.7,6.5,1.9,1.9,9.4,10.2,,0.6,0.6,1.2,0.156,,0.9,2.6,3.5,0.5
28,Ben Simmons,PG,21,PHI,10,369,16.6,0.541,0.008,0.464,4.6,22.9,13.6,33,2.3,2,22.6,22.1,,0.2,0.6,0.8,0.103,,-0.4,3.4,3,0.5
29,Kyle Lowry,PG,31,TOR,10,361,20,0.659,0.534,0.271,0.7,14.2,7.3,37,2.1,0,19,20.5,,1.1,0,1.1,0.15,,3.7,0.2,3.9,0.5
30,Anthony Davis,PF,24,NOP,9,358,25.9,0.584,0.108,0.314,7.2,27.2,17.6,7,2.3,4.6,9,30.5,,0.7,0.7,1.4,0.184,,0.4,2.8,3.2,0.5
31,Andre Iguodala,SF,34,GSW,13,357,14.2,0.591,0.425,0.438,3.2,16,9.8,14.9,2.5,1.3,13,12.4,,0.6,0.6,1.2,0.162,,1.7,2.7,4.4,0.6
32,DeMar DeRozan,SG,28,TOR,10,354,16.3,0.511,0.176,0.266,2,10.6,6.2,20.3,0.7,1.3,9.4,31.5,,0.3,-0.1,0.2,0.024,,-2.9,-1.2,-4.1,-0.2
33,Jrue Holiday,SG,27,NOP,9,348,19.8,0.581,0.294,0.176,2.8,12.1,7.6,25.6,1.3,1.1,11.2,25.3,,0.6,0.3,1,0.132,,3.4,0.9,4.3,0.6
34,J.J. Redick,SG,33,PHI,10,342,14.9,0.593,0.556,0.311,0.9,3.8,2.3,12.2,1.2,0.3,6.7,20.2,,0.8,0.2,1.1,0.148,,3.5,-3.1,0.4,0.2
35,Tristan Thompson,C,26,CLE,16,342,15.3,0.641,0.016,0.387,13.3,20.4,16.8,4.9,0.3,1.6,13.2,11.4,,0.8,0.3,1.1,0.153,,-1,0.7,-0.2,0.2
36,Dario Saric,PF,23,PHI,10,329,18.7,0.546,0.371,0.286,10.3,13.5,11.9,17.2,1.5,1.1,8.7,22,,0.8,0.4,1.2,0.173,,4.2,0.1,4.3,0.5
37,Jae Crowder,SF,27,UTA,11,323,8.4,0.457,0.611,0.259,1.3,17.5,9.3,8.7,2.3,0.5,10.4,18.3,,-0.3,0.4,0.1,0.02,,-2.5,1.8,-0.7,0.1
38,Nikola Mirotic,PF,26,NOP,9,320,15.9,0.612,0.5,0.186,3,24.2,14,6.3,1.5,3,8.3,16.1,,0.4,0.5,0.9,0.137,,0.7,3.2,3.9,0.5
39,Shaun Livingston,PG,32,GSW,18,315,11.8,0.55,0.01,0.232,3.6,9.4,6.6,12.9,1.1,0.3,12.1,17.5,,0.3,0.4,0.7,0.099,,-1.3,-0.6,-2,0
40,Rajon Rondo,PG,31,NOP,9,302,15.6,0.474,0.207,0.152,3.2,19.6,11.7,47.4,2,0.5,25.2,18.6,,0.1,0.4,0.5,0.082,,-1.2,2.5,1.3,0.3
41,Derrick Favors,C,26,UTA,11,286,16.4,0.618,0.074,0.485,7.4,14.1,10.7,7.1,1.4,3.4,10.8,14.3,,0.5,0.4,0.9,0.145,,-0.1,3.5,3.4,0.4
42,E'Twaun Moore,SG,28,NOP,9,284,8.8,0.537,0.284,0.182,2.3,6,4.2,7.1,1,0.3,10.4,16,,0,0.2,0.2,0.033,,-1.7,0.2,-1.5,0
43,Robert Covington,SF,27,PHI,10,281,9.6,0.45,0.578,0.193,4.5,15.8,10.1,12.7,1.9,2.9,10.9,15.1,,0,0.4,0.4,0.073,,-1,2.1,1.1,0.2
44,Giannis Antetokounmpo,PF,23,MIL,7,280,26.7,0.62,0.116,0.455,3.7,23.5,14.3,28.2,1.9,1.9,10.5,28.2,,1,0.4,1.4,0.24,,4.5,2.2,6.8,0.6
45,Joel Embiid,C,23,PHI,8,278,18.1,0.519,0.21,0.442,8.7,30.4,19.4,14.8,1.2,4.6,15,29.3,,0,0.5,0.6,0.097,,-1.3,2.3,1,0.2
46,Jordan Clarkson,SG,25,CLE,18,277,3.5,0.362,0.387,0.05,3.9,9.5,6.7,6.8,1.3,1,9,22.6,,-0.8,0.2,-0.6,-0.107,,-7.6,-1.6,-9.2,-0.5
47,Khris Middleton,SF,26,MIL,7,275,22.6,0.719,0.366,0.17,0.5,14.2,7.8,14.3,1.1,1.6,11.7,24.1,,0.9,0.2,1.1,0.195,,5.4,-1,4.4,0.4
48,Marco Belinelli,SG,31,PHI,10,273,12.8,0.539,0.434,0.292,0.4,7.9,4.1,11.4,1.3,0,3.2,19,,0.5,0.2,0.7,0.129,,1.2,-2.4,-1.2,0.1
49,Gerald Green,SG,32,HOU,17,272,10.1,0.551,0.766,0.074,2.4,18.2,10.2,0.6,0.7,2.3,9.3,17.6,,0,0.3,0.3,0.054,,-2.9,-2,-4.9,-0.2
50,Victor Oladipo,SG,25,IND,7,261,22.1,0.548,0.449,0.323,1.5,24.7,13.6,26.8,3.4,1.3,14.2,30.5,,0.3,0.6,0.9,0.16,,4,3.6,7.5,0.6
51,Serge Ibaka,PF,28,TOR,10,260,10.9,0.533,0.333,0.306,6,22.1,13.9,6.2,0.2,3.9,16.4,17.1,,0,0,0.1,0.014,,-4.5,1.9,-2.5,0
52,Royce O'Neale,SF,24,UTA,11,259,9.5,0.606,0.5,0.339,1.2,14.7,7.9,8.5,1.9,1.4,19.9,13.7,,0.1,0.3,0.4,0.068,,-1.7,2.7,1,0.2
53,Larry Nance,C,25,CLE,17,258,20.6,0.705,0.021,0.479,11.2,22.8,17,7.5,3,4.3,14.7,12.4,,0.7,0.5,1.1,0.213,,0.3,4.9,5.2,0.5
54,Paul George,SF,27,OKC,6,251,14.7,0.545,0.433,0.3,1.7,13.3,7.6,11,1.6,1.5,15,27.8,,0,0.2,0.2,0.045,,-0.8,-0.6,-1.4,0
55,Jonas Valanciunas,C,25,TOR,10,244,25.3,0.599,0.047,0.318,14.7,38.4,26.3,8.7,0.8,4.8,13.5,26.2,,0.6,0.2,0.8,0.156,,-2,2.3,0.3,0.1
56,Bojan Bogdanovic,SF,28,IND,7,238,7.5,0.509,0.556,0.123,0.5,11.3,6.1,8.2,1.3,0,13.2,19.5,,-0.2,0.3,0.1,0.023,,-0.9,-0.5,-1.4,0
57,OG Anunoby,SF,20,TOR,10,238,12.7,0.695,0.558,0.212,4.5,6.3,5.4,4.3,1.3,1.3,9.5,12,,0.5,0,0.5,0.094,,1.1,0.7,1.8,0.2
58,Thaddeus Young,PF,29,IND,7,237,18,0.601,0.117,0.217,11.8,15.8,13.9,6.5,2.7,2.8,9.6,14.5,,0.5,0.4,0.9,0.188,,2.9,3.8,6.7,0.5
59,Russell Westbrook,PG,29,OKC,6,235,20.3,0.493,0.261,0.248,5,27.1,16.2,38.1,1.9,0,14.8,39,,-0.1,0.3,0.3,0.053,,2,2.4,4.5,0.4
60,John Wall,PG,27,WAS,6,234,24.3,0.528,0.165,0.37,1.5,15.8,8.7,50.2,3,2.9,15.5,32.9,,0.4,0.2,0.6,0.126,,2.7,4.3,7.1,0.5
61,Ersan Ilyasova,PF,30,PHI,10,233,14.4,0.499,0.369,0.25,11.8,23.3,17.4,8.7,1.5,1.6,9.7,18.6,,0.2,0.3,0.5,0.112,,0.1,0.4,0.4,0.1
62,Semi Ojeleye,PF,23,BOS,17,230,2.9,0.443,0.667,0.212,1.9,12.3,7,1.2,0.7,0,5.3,7.6,,0,0.2,0.1,0.028,,-4.2,-0.3,-4.5,-0.1
63,C.J. Miles,SF,30,TOR,10,227,13.2,0.615,0.634,0.225,3.2,9.9,6.5,5.3,1.6,1,10.3,17.4,,0.4,0,0.3,0.072,,0.4,-0.1,0.3,0.1
64,Eric Bledsoe,PG,28,MIL,7,225,12.9,0.512,0.262,0.238,1.7,10.9,6.6,18.1,1.6,2.4,13.9,23.3,,-0.1,0.2,0.1,0.027,,-2.8,0,-2.8,0
65,Bradley Beal,SG,24,WAS,6,216,17,0.588,0.417,0.213,1.1,9.9,5.5,13.1,1.6,0.8,11.3,27.2,,0.3,0.1,0.4,0.078,,1.4,-0.5,0.9,0.2
66,Delon Wright,PG,25,TOR,10,215,18.1,0.573,0.309,0.235,1.7,11,6.3,16.3,3.5,3.3,10.7,17.7,,0.4,0.2,0.5,0.114,,-0.6,3.6,3,0.3
67,Darren Collison,PG,30,IND,7,214,14.8,0.539,0.338,0.176,0.6,10.9,6,23.4,1.7,0,10.9,18.1,,0.3,0.3,0.6,0.126,,1.4,-0.1,1.3,0.2
68,Rodney Hood,SG,25,CLE,14,203,5.8,0.464,0.292,0.138,1.2,8.3,4.7,11.7,0.8,0.9,13.8,18.4,,-0.2,0.1,-0.1,-0.022,,-5.5,-1.3,-6.7,-0.2
69,Steven Adams,C,24,OKC,6,200,16,0.609,0,0.283,10.2,13.6,11.9,7,1,1.8,7.2,12.2,,0.5,0.2,0.7,0.158,,0.2,1.5,1.7,0.2
70,Myles Turner,C,21,IND,7,196,15.3,0.698,0.241,0.352,3.9,17.9,11.2,3.2,0.5,2.2,15,17.7,,0.4,0.3,0.6,0.158,,1.1,0.1,1.1,0.2
71,Carmelo Anthony,PF,33,OKC,6,194,9.7,0.452,0.389,0.208,1.7,16.7,9.3,1.6,2.5,1.9,7.1,19.1,,-0.2,0.3,0.1,0.017,,-5,0.2,-4.8,-0.1
72,Ian Clark,SG,26,NOP,9,190,8.1,0.517,0.424,0.061,1.1,4.2,2.7,7.8,2,0.8,11.7,17.3,,-0.1,0.2,0.1,0.015,,-2.2,0.3,-1.9,0
73,Malcolm Brogdon,PG,25,MIL,7,186,7.9,0.513,0.345,0.182,2.1,12.6,7.7,13.6,0.3,0,16.8,18.7,,-0.1,0.1,0,-0.009,,-3.6,-1.9,-5.4,-0.2
74,Ricky Rubio,PG,27,UTA,6,181,15.9,0.471,0.405,0.291,2.9,23.5,13.1,36.8,2.2,1.5,16.8,26.1,,0,0.3,0.2,0.063,,-0.1,3.5,3.4,0.2
75,Markieff Morris,PF,28,WAS,6,181,13.5,0.552,0.245,0.204,9.2,20.4,14.8,8,1.1,2.4,10.1,14.5,,0.3,0.1,0.4,0.096,,-1,3,2,0.2
76,Pascal Siakam,PF,23,TOR,10,179,14.1,0.663,0.098,0.488,6,18.9,12.3,6.7,0.3,2.6,12.3,14.4,,0.4,0,0.4,0.103,,-1.8,1.3,-0.5,0.1
77,LaMarcus Aldridge,C,32,SAS,5,177,24.9,0.599,0.063,0.525,7.8,22.6,14.7,13.2,0.9,1,8.4,27.8,,0.6,0.1,0.7,0.189,,1.8,1.7,3.5,0.2
78,Nick Young,SG,32,GSW,17,177,4.8,0.516,0.886,0.182,0.6,5.4,3.1,3,0.3,0,4,12.4,,0.1,0.1,0.2,0.052,,-0.3,-2.7,-3,0
79,Quinn Cook,PG,24,GSW,16,171,13.6,0.553,0.469,0.266,1.3,13,7.3,9.5,1.2,1,6.5,19.9,,0.2,0.2,0.4,0.122,,0.4,-1.5,-1.1,0
80,Karl-Anthony Towns,C,22,MIN,5,170,16.9,0.542,0.183,0.383,9.9,32.2,21.4,10.3,0.6,3.2,14.6,22,,0.1,0.1,0.2,0.066,,-3.5,4.7,1.3,0.1
81,Jimmy Butler,SG,28,MIN,5,170,17,0.557,0.27,0.286,2,16.7,9.6,18.8,1.2,0.6,6.6,20.4,,0.3,0,0.3,0.098,,-0.1,3,2.9,0.2
82,Jabari Parker,PF,22,MIL,7,167,16,0.517,0.306,0.21,6.1,23.4,15.4,9.4,2.2,2.1,8.1,21.5,,0.1,0.2,0.3,0.091,,-1.8,0.8,-1,0
83,Domantas Sabonis,C,21,IND,7,166,18.8,0.622,0.113,0.29,10.7,12.7,11.8,5.1,0.3,1.3,9.1,21.9,,0.5,0.2,0.6,0.183,,2.5,-1.6,0.9,0.1
84,Patty Mills,PG,29,SAS,5,165,10.4,0.566,0.614,0.088,1.3,5.9,3.4,13.8,0.9,0.5,13.2,18.9,,0,0,0,0.011,,-0.7,0.1,-0.6,0.1
85,Andrew Wiggins,SF,22,MIN,5,164,11.8,0.514,0.309,0.294,3.4,13.5,8.6,10,0.6,1.3,10.5,23.9,,0,0,0,-0.012,,-3.5,1.7,-1.8,0
86,Damian Lillard,PG,27,POR,4,162,9.5,0.471,0.423,0.239,1.9,11.2,6.1,16.6,1.5,0,16.9,24.9,,-0.2,0,-0.2,-0.062,,-4.2,-0.4,-4.7,-0.1
87,Darius Miller,SF,27,NOP,9,162,8.6,0.587,0.706,0.176,1.3,11.2,6.4,8.4,1.4,0,14.1,11.3,,0.1,0.1,0.2,0.066,,-0.8,1,0.2,0.1
88,James Johnson,PF,30,MIA,5,161,16.3,0.644,0.31,0.333,1.9,18,9.8,24.1,1.8,3.2,17.2,15.6,,0.3,0.1,0.4,0.112,,-0.7,3.6,3,0.2
89,Rudy Gay,PF,31,SAS,5,160,11.3,0.442,0.277,0.138,5.9,14.4,9.9,12.3,2.6,0.5,8,21.4,,-0.1,0.1,0,-0.013,,-3.3,3,-0.3,0.1
90,Marcin Gortat,C,33,WAS,6,160,11.6,0.564,0,0.163,9.7,18.6,14.2,5.5,0,1.1,11.5,14.3,,0.2,0,0.2,0.059,,-2.6,0.9,-1.7,0
91,Otto Porter,SF,24,WAS,5,158,12.9,0.562,0.293,0.195,0.8,18.1,9.4,7.2,1.9,2.7,6.3,13.3,,0.1,0.1,0.3,0.078,,-2.1,3.6,1.6,0.1
92,Goran Dragic,PG,31,MIA,5,156,14.3,0.549,0.28,0.293,2,6.9,4.4,27.4,1.5,0,15,27.5,,0,0,0,0.01,,-1.1,-1.6,-2.7,0
93,C.J. McCollum,SG,26,POR,4,155,19.7,0.61,0.338,0.169,0,6.2,2.9,15,1.6,0.5,9.8,25.3,,0.4,0,0.4,0.111,,2.1,-1.6,0.4,0.1
94,T.J. McConnell,PG,25,PHI,10,155,17.9,0.72,0.083,0.139,4.1,14,9,23.3,1.9,0,13.6,12,,0.4,0.2,0.6,0.194,,2.5,0,2.5,0.2
95,Shane Larkin,PG,25,BOS,11,154,10.1,0.551,0.371,0.143,0.7,7.6,4.1,20.1,1.7,0,13.9,12.9,,0.1,0.1,0.3,0.09,,-1.7,-0.9,-2.6,0
96,Jeff Teague,PG,29,MIN,5,153,13.2,0.556,0.353,0.333,2.2,10.3,6.4,29.6,1,1.4,19.3,21.6,,0.1,0,0.1,0.028,,-1.5,2.1,0.6,0.1
97,David West,C,37,GSW,15,151,20.1,0.631,0.024,0.098,6.7,16.1,11.6,28.1,2,4.2,15.8,14.9,,0.4,0.3,0.7,0.229,,2.2,3.3,5.5,0.3
98,Corey Brewer,SG,31,OKC,6,151,11.9,0.669,0.44,0.24,2.8,6.2,4.5,4.8,2.3,3,6.7,8.6,,0.3,0.2,0.4,0.139,,-0.1,2.7,2.6,0.2
99,Lance Stephenson,SG,27,IND,7,149,13.8,0.529,0.4,0.138,2.6,12.6,7.8,22.3,0.7,0.7,11.5,24.7,,0.1,0.2,0.3,0.09,,1.5,-1.2,0.4,0.1
100,Luc Mbah a Moute,PF,31,HOU,9,149,2.6,0.32,0.417,0.194,2.2,14.3,8.2,2.8,2,2.4,13.3,13.6,,-0.4,0.2,-0.2,-0.072,,-8.1,1.9,-6.3,-0.2
101,Kelly Oubre,SF,22,WAS,6,148,9.8,0.501,0.396,0.375,0.8,17.7,9.3,3.8,2,1.7,8.2,18.1,,0,0.1,0.1,0.03,,-4,1.5,-2.6,0
102,Kelly Olynyk,PF,26,MIA,5,146,17.5,0.606,0.432,0.455,5,11.8,8.3,21,2.3,3.5,13.2,17.9,,0.3,0.1,0.4,0.125,,1,3.2,4.2,0.2
103,Cory Joseph,PG,26,IND,7,143,12.7,0.463,0.333,0.182,1.8,12.3,7.2,20.4,3.3,1.5,10.1,13.1,,0.1,0.3,0.4,0.124,,-0.2,3.1,2.9,0.2
104,Jakob Poeltl,C,22,TOR,9,140,14.6,0.622,0.032,0.613,12.8,18.8,15.7,6.3,1.1,2.2,16.9,15.4,,0.3,0,0.3,0.108,,-1.8,1.6,-0.2,0.1
105,Tony Snell,SG,26,MIL,7,134,3.5,0.396,0.875,0,1,10,5.8,4,1.2,2.7,11.1,9.8,,-0.2,0.1,-0.1,-0.026,,-4,0.9,-3.1,0
106,Jerami Grant,PF,23,OKC,6,133,11.4,0.54,0.229,0.314,6.4,9.4,7.9,7.1,1.5,2.1,13.1,15.1,,0.1,0.1,0.2,0.069,,-2.1,1,-1.1,0
107,Jordan Bell,C,23,GSW,14,132,11.4,0.449,0.048,0.381,9.4,20,14.9,12.6,1.9,4.8,19.7,10.3,,0,0.3,0.3,0.118,,-2.3,4.9,2.7,0.2
108,Al-Farouq Aminu,PF,27,POR,4,131,21.4,0.652,0.577,0.038,9.4,22.1,15.2,5.8,1.5,1.2,10.2,19.2,,0.4,0,0.4,0.152,,3,0.4,3.4,0.2
109,Josh Richardson,SF,24,MIA,5,130,12.9,0.487,0.475,0.175,3.2,9.1,6.1,16.6,4,3.3,10.4,15.9,,0,0.1,0.2,0.056,,-2.1,4.4,2.3,0.1
110,Thon Maker,C,20,MIL,6,130,11.3,0.531,0.714,0.25,5.9,14.6,10.5,5.4,0.8,7.6,11.4,13.1,,0.1,0.2,0.2,0.08,,-1.5,3,1.5,0.1
111,Dwyane Wade,SG,36,MIA,5,127,17.4,0.51,0.057,0.371,2.4,15.3,8.7,27.3,2.6,0.7,11.9,31.4,,0,0.1,0.1,0.033,,-2.8,1.4,-1.4,0
112,Mike Scott,PF,29,WAS,6,126,19.2,0.745,0.268,0.146,5.7,14.2,9.9,5.1,0.8,0.7,10.3,17,,0.4,0,0.4,0.162,,2.4,-0.1,2.3,0.1
113,Justise Winslow,PF,21,MIA,5,125,12.1,0.495,0.452,0.405,5.8,22.4,13.9,16.2,1.5,2.7,13.9,19.8,,0,0.1,0.1,0.037,,-3.1,2.9,-0.2,0.1
114,Jamal Crawford,SG,37,MIN,5,123,15.6,0.56,0.362,0.277,0.9,10.3,5.7,15.7,2.1,0,8.7,21.4,,0.2,0,0.2,0.065,,-0.7,1.9,1.2,0.1
115,Taj Gibson,PF,32,MIN,5,123,10.5,0.665,0,0.136,6.4,11.1,8.8,2.4,0.4,1.8,14.6,10.1,,0.2,0,0.1,0.052,,-3.2,3.3,0.2,0.1
116,Alec Burks,SG,26,UTA,9,120,22.4,0.581,0.313,0.234,1.8,20,10.8,26.4,1.6,0.7,10.2,28.9,,0.3,0.1,0.4,0.169,,3.1,0.6,3.8,0.2
117,Derrick Rose,PG,29,MIN,5,119,16.6,0.591,0.175,0.123,0.9,7.1,4.1,19.9,0.8,0,11.8,26.1,,0.1,0,0.1,0.045,,-0.8,-0.2,-1,0
118,Dante Exum,PG,22,UTA,10,114,8.1,0.551,0.171,0.293,3.7,9.5,6.6,14.4,0.4,0.8,24.5,23.7,,-0.1,0.1,-0.1,-0.032,,-5,-0.8,-5.8,-0.1
119,Fred VanVleet,PG,23,TOR,6,114,8.1,0.482,0.718,0.205,0,11,5.4,16.6,0,0,8.6,18.5,,0,-0.1,0,-0.007,,-2.3,-2.5,-4.8,-0.1
120,Solomon Hill,SF,26,NOP,9,114,7.2,0.561,0.64,0.4,5.7,9.7,7.8,7.5,0.4,0.7,16.9,13.3,,0.1,0.1,0.1,0.056,,-1.2,0.1,-1.1,0
121,Alex Abrines,SG,24,OKC,6,110,9.5,0.575,0.65,0.1,2.9,12.3,7.7,2.6,2.2,1.7,4.6,8.7,,0.1,0.1,0.2,0.106,,-1.5,1.6,0.1,0.1
122,JaVale McGee,C,30,GSW,10,109,22.9,0.629,0.024,0.195,12.4,21.3,17,5.9,1.4,5.8,8.2,19.8,,0.3,0.2,0.5,0.234,,1.3,2,3.3,0.1
123,Manu Ginobili,SG,40,SAS,5,107,15.3,0.538,0.486,0.297,1,15.9,7.9,25.8,3.4,0.8,14.3,20.9,,0.1,0.1,0.2,0.069,,-0.3,3.4,3.1,0.1
124,Nene Hilario,C,35,HOU,11,107,11.4,0.624,0,0.55,6.1,23.1,14.5,7.1,0.9,4.1,24.4,13.8,,0.1,0.1,0.2,0.088,,-5.1,2.9,-2.2,0
125,Greg Monroe,C,27,BOS,11,105,16,0.556,0,0.579,14.9,23.5,19.1,8.4,1,1.7,22.7,27.1,,0,0.1,0.1,0.047,,-4.6,-0.3,-4.9,-0.1
126,Danny Green,SG,30,SAS,5,103,2.7,0.35,0.667,0,4.1,8.2,6,1.5,0.5,3.4,6.3,14.2,,-0.2,0,-0.2,-0.093,,-6.6,1.9,-4.7,-0.1
127,Wayne Ellington,SG,30,MIA,5,101,8.1,0.537,0.857,0.086,1,7.5,4.2,4.6,0.9,1.7,7.6,16.8,,0,0,0,-0.001,,-2,-0.7,-2.7,0
128,Jose Calderon,PG,36,CLE,11,97,3.5,0.437,0.773,0.091,1.2,8.7,5,10.4,2.2,0,17.9,13.5,,-0.1,0.1,0,-0.013,,-4.3,-0.1,-4.4,-0.1
129,Dejounte Murray,PG,21,SAS,5,96,16.3,0.558,0.194,0.29,4.4,21.5,12.4,16.3,2.7,1.8,12.5,19,,0.1,0.1,0.2,0.094,,-1.8,4.7,2.9,0.1
130,Ty Lawson,PG,30,WAS,5,96,12.1,0.506,0.308,0.231,2.5,13.6,8.1,21.3,1.5,0,9.5,14.5,,0.1,0,0.2,0.076,,-1.5,1,-0.5,0
131,Ryan Anderson,PF,29,HOU,11,95,7,0.475,0.75,0,4.6,10.6,7.6,9,1.6,0.9,13,10.8,,0,0.1,0.1,0.048,,-2.6,0.8,-1.8,0
132,Jusuf Nurkic,C,23,POR,4,94,23.1,0.536,0,0.282,13,25.7,18.8,6.5,3.1,4.3,6.4,21.3,,0.2,0.1,0.3,0.16,,-1.6,3.8,2.3,0.1
133,Amir Johnson,C,30,PHI,8,94,15.3,0.56,0,0.238,15.7,10.4,13.1,14.1,1,1,11.5,11.7,,0.2,0.1,0.3,0.16,,1.6,0.4,2,0.1
134,Pau Gasol,C,37,SAS,5,90,15.1,0.615,0.15,0.5,2.3,29.6,15.1,25.5,0,1,19.7,15.5,,0.1,0,0.2,0.094,,-3.1,3.1,0,0
135,Evan Turner,SF,29,POR,3,87,8.3,0.413,0.212,0.061,5.9,9.7,7.6,15.9,1.7,0.9,15,19.6,,-0.1,0,-0.1,-0.058,,-5.1,1.1,-4,0
136,Davis Bertans,PF,25,SAS,5,82,4.1,0.372,0.889,0.611,1.3,14.8,7.6,10.7,1.3,0,4.2,13.3,,-0.1,0,-0.1,-0.03,,-4.2,1.6,-2.6,0
137,Tyler Johnson,PG,25,MIA,5,81,14.4,0.688,0.385,0.269,1.3,9.3,5.2,8.4,1.2,0,6.4,16.5,,0.2,0,0.2,0.122,,0.5,-0.9,-0.4,0
138,Raymond Felton,PG,33,OKC,6,79,12.4,0.486,0.452,0.065,2.7,14.5,8.7,18.3,2.5,2.3,13.6,20.4,,0,0.1,0.1,0.045,,-2,1.4,-0.6,0
139,Jonas Jerebko,PF,30,UTA,10,79,9.1,0.478,0.316,0.105,5.4,16.5,10.9,5.5,1.9,0,4.8,11.7,,0,0.1,0.1,0.08,,-2.7,1.4,-1.3,0
140,Matthew Dellavedova,PG,27,MIL,6,78,6.8,0.466,0.75,0.167,1.6,5.7,3.8,27.3,1.3,0,31.8,11.8,,0,0,0,0.009,,-3.8,-3,-6.8,-0.1
141,Hassan Whiteside,C,28,MIA,5,77,6.9,0.505,0,0.65,13.4,28,20.6,2,0,6.7,31.8,21.1,,-0.2,0.1,-0.1,-0.082,,-11.6,1.9,-9.6,-0.1
142,Bam Adebayo,C,20,MIA,5,77,6.1,0.402,0.067,0.933,12.1,15.4,13.7,0,0,2.2,8.6,13,,-0.1,0,-0.1,-0.036,,-8.4,-2.1,-10.5,-0.2
143,John Henson,C,27,MIL,2,74,15,0.684,0,0.154,6.9,12,9.7,9.9,0,8.4,22.4,11.8,,0.1,0.1,0.2,0.11,,-1.9,3.8,2,0.1
144,Kyle Anderson,SF,24,SAS,5,73,17.5,0.62,0.2,0.2,7.2,13.3,10.1,7.4,4.2,1.2,12.1,15.5,,0.1,0.1,0.2,0.129,,-0.6,5,4.4,0.1
145,Raul Neto,PG,25,UTA,8,72,7.4,0.417,0.304,0.217,3,12.1,7.5,20.2,1.4,0,13.7,17.9,,-0.1,0.1,0,0.004,,-4.2,0.2,-4,0
146,Ed Davis,C,28,POR,4,71,6.1,0.468,0,0.4,7.2,45.9,24.9,0,0,1.2,25.4,9.5,,-0.1,0,-0.1,-0.036,,-11.4,-2.3,-13.7,-0.2
147,Zach Collins,C,20,POR,4,70,11.7,0.441,0.467,0.133,4.4,15.5,9.5,12.2,2.1,2.3,5.9,20.6,,0,0,0,0.015,,-2.7,1.5,-1.2,0
148,Gorgui Dieng,C,28,MIN,5,70,11.2,0.43,0.278,0.222,4.8,22.6,14,8.1,1.4,6.1,4.8,13.5,,0,0.1,0.1,0.037,,-5.5,7,1.5,0.1
149,Tony Parker,PG,35,SAS,5,67,7.8,0.412,0.135,0.189,0,7.2,3.4,17.5,1.5,0,9.1,30.1,,-0.2,0,-0.2,-0.151,,-7.7,-1.4,-9.1,-0.1
150,Tyler Zeller,C,28,MIL,7,66,13.4,0.814,0,0.8,3.9,20.3,12.6,6.1,3.2,4.1,12.9,5.7,,0.1,0.1,0.3,0.183,,-0.7,4.7,4,0.1
151,Trevor Booker,PF,30,IND,7,64,13.3,0.688,0.1,0.7,9.9,23.8,17.2,0,0.8,1.7,7.1,10.4,,0.2,0.1,0.3,0.206,,-1,-2.3,-3.3,0
152,Tomas Satoransky,SG,26,WAS,6,60,-0.9,0.237,0.231,0.308,10,7.9,8.9,6.3,0,0,16.9,13,,-0.2,0,-0.2,-0.14,,-7.8,0,-7.8,-0.1
153,Pat Connaughton,SG,25,POR,4,59,9,0.504,0.667,0.133,3.5,4.1,3.8,13.4,0.8,1.4,5.9,12.2,,0.1,0,0.1,0.05,,-1.2,-0.4,-1.6,0
154,Patrick Patterson,PF,28,OKC,6,58,4.4,0.667,0.667,0,1.8,18,10,7.2,0.8,0,33.3,6.8,,0,0.1,0.1,0.042,,-4.2,0.6,-3.6,0
155,Tyus Jones,PG,21,MIN,4,55,6.1,0.286,0.286,0,0,17.2,8.9,19.3,0.9,0,12.5,6.6,,0,0,0,-0.021,,-6.7,4,-2.7,0
156,Bryn Forbes,SG,24,SAS,4,54,5.5,0.423,0.529,0.412,2,4.5,3.1,5.9,0,0,0,17,,0,0,0,-0.039,,-4.3,-1.5,-5.9,-0.1
157,Joe Johnson,SF,36,HOU,8,54,1.5,0.353,0.176,0,0,20.8,10.3,8.4,0,1.6,15,16.6,,-0.2,0,-0.1,-0.11,,-10.3,-0.1,-10.4,-0.1
158,Cedi Osman,SF,22,CLE,12,53,5.5,0.339,0.462,0.308,2.3,11.3,6.8,8.2,3,0,0,13,,-0.1,0.1,0,0,,-4.9,0.7,-4.2,0
159,Maurice Harkless,SF,24,POR,2,53,13,0.615,0.462,0,5.8,11.4,8.4,10.4,0,1.5,7.1,11.3,,0.1,0,0.1,0.089,,-0.3,0.4,0.1,0
160,Ian Mahinmi,C,31,WAS,6,52,30.4,0.796,0,0.786,9.2,16,12.6,3,3.8,8.2,5,16.8,,0.3,0.1,0.4,0.358,,3.8,6.1,9.9,0.2
161,Cheick Diallo,PF,21,NOP,7,48,4.6,0.417,0,0,9,10.5,9.7,0,1,1.7,7.7,11.6,,0,0,0,0.014,,-6,-0.8,-6.8,-0.1
162,Guerschon Yabusele,PF,22,BOS,12,48,1.2,0.179,0.667,0.556,7,19.6,13.1,8.6,2.1,0,0,10.8,,-0.1,0.1,0,-0.033,,-5.7,1.3,-4.4,0
163,Nemanja Bjelica,PF,29,MIN,5,47,21.6,0.603,0.438,0.438,9.5,24.6,17.3,9.9,3.2,0,5,19.5,,0.1,0,0.2,0.195,,2.1,3.6,5.8,0.1
164,Jason Terry,SG,40,MIL,3,44,5.5,0.6,1,0,2.9,2.5,2.7,6,1.2,0,16.7,6.6,,0,0,0,0.037,,-1,-1.2,-2.3,0
165,Norman Powell,SG,24,TOR,6,40,1.3,0.381,0.5,0.286,0,6.3,3.1,7.1,0,0,6,19,,-0.1,0,-0.1,-0.116,,-7.2,-3.4,-10.6,-0.1
166,Shabazz Napier,PG,26,POR,2,35,4.3,0.463,0.364,0.182,0,6.9,3.2,12,4.2,0,33.6,21.8,,-0.2,0,-0.1,-0.183,,-9,1.6,-7.4,0
167,Abdel Nader,SF,24,BOS,11,33,5.2,0.358,0.267,0.267,3.4,7.1,5.2,15.2,1.6,2.7,10.7,26.2,,-0.1,0,-0.1,-0.122,,-7.5,-1.1,-8.5,-0.1
168,Justin Anderson,SF,24,PHI,7,33,2.4,0.5,0.875,0,3.2,26.3,14.6,0,1.5,0,20,12.7,,0,0,0,0.013,,-5.9,-3.9,-9.7,-0.1
169,Shabazz Muhammad,SG,25,MIL,4,29,23.4,0.563,0.25,0.25,0,15.4,8.2,0,3.6,3.1,8.3,40.6,,0,0,0,0.025,,-5.2,-6.3,-11.5,-0.1
170,Lorenzo Brown,PG,27,TOR,4,29,7.2,0.414,0.5,0.2,4.1,21.6,12.7,9.9,0,2.7,8.4,18.6,,0,0,0,-0.045,,-5.9,0,-5.9,0
171,Lucas Nogueira,C,25,TOR,5,24,-9.8,0.266,0,2,0,5.2,2.5,5.2,0,0,61.5,9.2,,-0.1,0,-0.1,-0.228,,-12,0.6,-11.4,-0.1
172,Markelle Fultz,SG,19,PHI,3,23,5.7,0.285,0,0.571,0,14.2,7,28.8,4.3,0,10.2,17.8,,0,0,0,-0.004,,-6.6,1.1,-5.5,0
173,Ekpe Udoh,C,30,UTA,6,21,3.1,0.362,0,4,5.1,10.4,7.7,0,0,8.4,26.6,7.9,,0,0,0,-0.045,,-8.7,3.9,-4.8,0
174,Zaza Pachulia,C,33,GSW,5,20,30.2,0.678,0,1.5,28.2,21.1,24.5,7.2,7.4,0,23.1,19.2,,0.1,0.1,0.1,0.312,,5.4,4.4,9.7,0.1
175,Wade Baldwin,PG,21,POR,4,19,4.7,0.41,0.25,0.5,0,19.1,8.7,19.6,2.6,4.3,38.1,17.7,,-0.1,0,-0.1,-0.141,,-10.5,4.6,-5.9,0
176,Tarik Black,C,26,HOU,7,19,3.4,0.25,0,0,11.5,23.6,17.5,14.6,0,4.6,20,11.8,,0,0,0,-0.016,,-8,3.6,-4.4,0
177,Josh Huestis,PF,26,OKC,4,19,8,0.521,0,1,0,16.5,8.3,0,2.6,4.8,0,6.6,,0,0,0,0.097,,-6.3,2.8,-3.5,0
178,Ante Zizic,C,21,CLE,6,18,3.6,0.363,0,0.857,0,33.4,16.7,8.5,0,5.1,17.2,30.3,,-0.1,0,-0.1,-0.208,,-16.5,0.1,-16.4,-0.1
179,Derrick White,PG,23,SAS,3,18,20.1,0.583,0.333,0,0,0,0,10,2.9,9.7,0,15.2,,0,0,0,0.125,,-2,4.6,2.5,0
180,Aaron Jackson,PG,31,HOU,7,17,8.8,0.512,0.5,0.5,12.9,13.2,13,17.9,0,0,29.1,18.1,,0,0,0,0.002,,-3.1,-1.2,-4.3,0
181,Rodney McGruder,SG,26,MIA,4,16,-3,0.25,0.5,0,0,26.9,13.2,0,0,0,0,10.8,,0,0,0,-0.11,,-12.4,-3,-15.4,-0.1
182,Jordan Crawford,SG,29,NOP,2,15,34.9,0.731,0.615,0,0,26.8,13.9,18.5,3.1,0,18.8,45.6,,0,0,0,0.071,,9.3,-0.9,8.5,0
183,DeAndre Liggins,SG,29,NOP,3,14,-7.7,0.266,0,2,0,7.2,3.7,0,0,0,51.5,11.8,,-0.1,0,-0.1,-0.238,,-13.4,-0.2,-13.6,0
184,Sterling Brown,SG,22,MIL,3,13,23.7,0.7,0.6,0,9.9,8.6,9.2,0,4,0,0,18.7,,0,0,0.1,0.236,,5.4,-4.1,1.3,0
185,Damian Jones,C,22,GSW,4,11,-4.7,0.602,0,1.5,10.2,19.2,14.9,0,0,0,47.5,25.5,,-0.1,0,0,-0.177,,-13.3,-5.3,-18.7,0
186,Richaun Holmes,C,24,PHI,3,11,-4.2,0,0,0,0,9.9,4.9,11.4,0,0,0,3.8,,0,0,0,-0.021,,-7.5,-0.2,-7.7,0
187,Patrick McCaw,SG,22,GSW,3,9,27,0.694,0.5,1,0,23.5,12.1,0,11,0,0,14.2,,0,0,0.1,0.378,,3.2,4.4,7.6,0
188,Caleb Swanigan,PF,20,POR,1,8,2.6,0.399,0.5,2,0,30.2,13.8,14.5,0,0,21,25.4,,0,0,0,-0.162,,-9.9,-1.2,-11.1,0
189,Meyers Leonard,C,25,POR,2,8,48.6,1,0,0,0,60.4,27.7,0,0,0,0,21.3,,0.1,0,0.1,0.348,,3.3,-7.7,-4.4,0
190,Jake Layman,SF,23,POR,1,8,51,1,0,0,0,15.1,6.9,25.8,12.2,0,0,16,,0.1,0,0.1,0.533,,13.4,8.8,22.2,0
191,David Stockton,PG,26,UTA,2,6,-0.8,0.333,0.333,0,0,18.1,9,0,0,0,0,22.1,,0,0,0,-0.137,,-10.9,-5.8,-16.7,0
192,Glenn Robinson,SF,24,IND,2,6,17.1,1,0,0,0,19.5,10.2,0,0,0,0,7.9,,0,0,0,0.203,,0.9,-3.2,-2.3,0
193,Joffrey Lauvergne,C,26,SAS,1,6,16.5,1,0,0,0,20.2,9.4,0,0,0,0,7.6,,0,0,0,0.152,,-2.5,-1.4,-3.9,0
194,Zhou Qi,C,22,HOU,3,6,16.4,1,0,0,0,18.7,9.2,0,0,0,0,7.5,,0,0,0,0.178,,-1.6,-3.3,-4.9,0
195,Terrance Ferguson,SG,19,OKC,3,6,30,1.5,1,0,17.8,0,8.8,27.4,0,0,0,7.3,,0.1,0,0.1,0.507,,16.4,-4.5,12,0
196,Tim Frazier,PG,27,WAS,2,6,15.1,0,0,0,0,19.8,9.9,60.5,8.2,0,0,7.3,,0,0,0,0.135,,-4.4,5.1,0.7,0
197,Brandon Jennings,PG,28,MIL,1,5,-9.8,0.347,1,1,0,0,0,0,0,0,25.8,37.7,,0,0,0,-0.468,,-14.4,-9.4,-23.8,0
198,Emeka Okafor,C,35,NOP,1,4,-13.9,0,0,0,0,0,0,0,0,0,0,10.7,,0,0,0,-0.265,,-13.4,-1,-14.4,0
199,T.J. Leaf,PF,20,IND,1,4,0,,,,0,0,0,0,0,0,,0,,0,0,0,0.017,,-4,1.6,-2.5,0
200,Aaron Brooks,PG,33,MIN,2,3,28,0.515,0.333,0.667,0,0,0,0,0,0,0,59,,0,0,0,-0.2,,-1.6,-13.5,-15.1,0
201,Marcus Georges-Hunt,SG,23,MIN,2,3,0,0,0,0,37.4,0,18.1,0,0,0,0,15.2,,0,0,0,-0.223,,-10.1,-3.8,-13.9,0
202,Luke Babbitt,SF,28,MIA,2,3,-13.6,0,0,0,0,0,0,0,0,0,0,14.4,,0,0,0,-0.393,,-17.9,-2.2,-20.1,0
203,Dakari Johnson,C,22,OKC,2,3,0,,,,0,0,0,0,0,0,,0,,0,0,0,-0.002,,-6.5,1,-5.5,0
204,Chinanu Onuaku,C,21,HOU,1,3,38.3,,,,36.5,0,18.5,43,16.7,0,,0,,0,0,0,0.579,,12.3,15.1,27.4,0
205,Brandon Paul,SG,26,SAS,1,3,15.6,,,,0,40.4,18.8,46.2,0,0,,0,,0,0,0,0.167,,-6.5,3.3,-3.3,0
206,Joe Young,PG,25,IND,1,3,-5.8,,,,0,0,0,0,0,0,,0,,0,0,0,0.023,,-4,1.5,-2.5,0
207,Tony Bradley,C,20,UTA,1,2,42.1,0.5,0,0,53.2,0,26.9,0,0,0,0,44.1,,0,0,0,0.224,,4.9,-15.4,-10.5,0
208,Furkan Korkmaz,SG,20,PHI,1,2,57,1.5,1,0,0,0,0,0,0,0,0,21,,0,0,0,0.349,,31.8,-8.4,23.4,0
209,Jerryd Bayless,SG,29,PHI,1,2,0,,,,0,0,0,0,0,0,,0,,0,0,0,0.011,,-5.5,0.4,-5,0
210,Jason Smith,C,31,WAS,1,2,0,,,,0,0,0,0,0,0,,0,,0,0,0,-0.022,,-5.9,2.2,-3.8,0
